Город,Регион,Федеральный округ,Средний световой день (зима),Количество световых дней (зима),Средний световой день (весна),Количество световых дней (весна),Средний световой день (лето),Количество световых дней (лето),Средний световой день (осень),Количество световых дней (осень),Количество световых дней в году
Абаза,Хакасия,Сибирский,9.0,32.0,14.0,53.0,16.0,61.0,11.0,40.0,186.0
Абакан,Хакасия,Сибирский,9.0,31.0,14.0,53.0,16.0,61.0,11.0,40.0,185.0
Абдулино,Оренбургская область,Приволжский,9.0,31.0,14.0,53.0,16.0,61.0,11.0,40.0,185.0
Абинск,Краснодарский край,Южный,10.0,35.0,14.0,51.0,15.0,57.0,11.0,42.0,185.0
Агидель,Башкортостан,Приволжский,9.0,30.0,14.0,54.0,17.0,63.0,11.0,40.0,187.0
Агрыз,Татарстан,Приволжский,8.0,30.0,15.0,54.0,17.0,63.0,11.0,39.0,186.0
Адыгейск,Адыгея,Южный,10.0,35.0,14.0,51.0,15.0,57.0,11.0,42.0,185.0
Азнакаево,Татарстан,Приволжский,8.863636363636363,30.363636363636363,14.136363636363637,53.81818181818182,17.0,62.63636363636363,11.0,39.95454545454545,186.77272727272725
Азов,Ростовская область,Южный,10.0,34.0,14.0,52.0,15.0,58.0,11.0,41.0,185.0
Ак-Довурак,Тыва,Сибирский,9.0,33.0,14.0,52.0,16.0,60.0,11.0,41.0,186.0
Аксай,Ростовская область,Южный,10.0,34.0,14.0,52.0,15.0,58.0,11.0,41.0,185.0
Алагир,Северная Осетия,Северо-Кавказский,10.0,36.0,14.0,51.0,15.0,56.0,11.0,42.0,185.0
Алапаевск,Свердловская область,Уральский,8.0,29.0,15.0,55.0,17.0,65.0,11.0,39.0,188.0
Алатырь,Чувашия,Приволжский,9.0,31.0,14.0,54.0,17.0,62.0,11.0,40.0,187.0
Алдан,Якутия,Дальневосточный,8.0,28.0,15.0,55.0,17.0,65.0,11.0,39.0,187.0
Алейск,Алтайский край,Сибирский,9.0,32.0,14.0,53.0,16.0,61.0,11.0,40.0,186.0
Александров,Владимирская область,Центральный,8.0,30.0,15.0,54.0,17.0,63.0,11.0,39.0,186.0
Александровск,Пермский край,Приволжский,10.0,35.0,14.0,51.0,15.0,57.0,11.0,42.0,185.0
Александровск-Сахалинский,Сахалинская область,Дальневосточный,9.0,33.0,14.0,52.0,16.0,60.0,11.0,41.0,186.0
Алексеевка,Белгородская область,Центральный,9.0,33.0,14.0,52.0,16.0,60.0,11.0,41.0,186.0
Алексин,Тульская область,Центральный,9.0,31.0,14.0,53.0,17.0,62.0,11.0,40.0,186.0
Алзамай,Иркутская область,Сибирский,9.0,30.0,14.0,54.0,17.0,63.0,11.0,40.0,187.0
Алупкане призн.,Крым,Южный,0.0,0.0,0.0,0.0,0.0,0.0,0.0,0.0,0.0
Алуштане призн.,Крым,Южный,0.0,0.0,0.0,0.0,0.0,0.0,0.0,0.0,0.0
Альметьевск,Татарстан,Приволжский,9.0,31.0,14.0,54.0,17.0,62.0,11.0,40.0,187.0
Амурск,Хабаровский край,Дальневосточный,9.0,33.0,14.0,52.0,16.0,59.0,11.0,41.0,185.0
Анадырь,Чукотский АО,Дальневосточный,6.0,22.0,16.0,58.0,20.0,74.0,10.0,37.0,191.0
Анапа,Краснодарский край,Южный,10.0,35.0,14.0,51.0,15.0,57.0,11.0,42.0,185.0
Ангарск,Иркутская область,Сибирский,9.0,32.0,14.0,53.0,16.0,61.0,11.0,40.0,186.0
Андреаполь,Тверская область,Центральный,8.0,30.0,15.0,54.0,17.0,64.0,11.0,39.0,187.0
Анжеро-Судженск,Кемеровская область,Сибирский,8.0,30.0,14.0,54.0,17.0,63.0,11.0,40.0,187.0
Анива,Сахалинская область,Дальневосточный,10.0,35.0,14.0,51.0,15.0,58.0,11.0,41.0,185.0
Апатиты,Мурманская область,Северо-Западный,0.0,0.0,0.0,0.0,0.0,0.0,0.0,0.0,0.0
Апрелевка,Московская область,Центральный,9.0,30.0,14.0,54.0,17.0,63.0,11.0,40.0,187.0
Апшеронск,Краснодарский край,Южный,10.0,35.0,14.0,51.0,15.0,57.0,11.0,42.0,185.0
Арамиль,Свердловская область,Уральский,8.0,30.0,15.0,54.0,17.0,64.0,11.0,39.0,187.0
Аргун,Чечня,Северо-Кавказский,10.0,36.0,14.0,51.0,15.0,56.0,11.0,42.0,185.0
Ардатов,Мордовия,Приволжский,9.0,31.0,14.0,54.0,17.0,62.0,11.0,40.0,187.0
Ардон,Северная Осетия,Северо-Кавказский,10.0,36.0,14.0,51.0,15.0,56.0,11.0,42.0,185.0
Арзамас,Нижегородская область,Приволжский,9.0,30.0,14.0,54.0,17.0,63.0,11.0,40.0,187.0
Аркадак,Саратовская область,Приволжский,9.0,32.0,14.0,53.0,16.0,60.0,11.0,40.0,185.0
Армавир,Краснодарский край,Южный,10.0,35.0,14.0,51.0,15.0,57.0,11.0,42.0,185.0
Армянскне призн.,Крым,Южный,0.0,0.0,0.0,0.0,0.0,0.0,0.0,0.0,0.0
Арсеньев,Приморский край,Дальневосточный,10.0,35.0,14.0,51.0,15.0,57.0,11.0,42.0,185.0
Арск,Татарстан,Приволжский,8.0,30.0,15.0,54.0,17.0,63.0,11.0,40.0,187.0
Артём,Приморский край,Дальневосточный,10.0,36.0,14.0,51.0,15.0,56.0,11.0,42.0,185.0
Артёмовск,Красноярский край,Сибирский,8.0,29.0,15.0,54.0,17.0,64.0,11.0,39.0,186.0
Артёмовский,Свердловская область,Уральский,8.0,29.0,15.0,54.0,17.0,64.0,11.0,39.0,186.0
Архангельск,Архангельская область,Северо-Западный,6.0,22.0,16.0,58.0,20.0,74.0,10.0,37.0,191.0
Асбест,Свердловская область,Уральский,8.0,29.0,15.0,54.0,17.0,64.0,11.0,39.0,186.0
Асино,Томская область,Сибирский,8.0,29.0,15.0,54.0,17.0,64.0,11.0,39.0,186.0
Астрахань,Астраханская область,Южный,10.0,35.0,14.0,51.0,15.0,58.0,11.0,41.0,185.0
Аткарск,Саратовская область,Приволжский,9.0,32.0,14.0,53.0,16.0,60.0,11.0,40.0,185.0
Ахтубинск,Астраханская область,Южный,9.0,34.0,14.0,52.0,16.0,58.0,11.0,41.0,185.0
Ачинск,Красноярский край,Сибирский,8.0,30.0,15.0,54.0,17.0,63.0,11.0,40.0,187.0
Ачхой-Мартан,Чечня,Северо-Кавказский,10.0,36.0,14.0,51.0,15.0,56.0,11.0,42.0,185.0
Аша,Челябинская область,Уральский,9.0,31.0,14.0,54.0,17.0,62.0,11.0,40.0,187.0
Бабаево,Вологодская область,Северо-Западный,8.0,28.0,15.0,55.0,18.0,66.0,11.0,39.0,188.0
Бабушкин,Бурятия,Сибирский,9.0,32.0,14.0,53.0,16.0,60.0,11.0,40.0,185.0
Бавлы,Татарстан,Приволжский,9.0,31.0,14.0,53.0,17.0,62.0,11.0,40.0,186.0
Багратионовск,Калининградская область,Северо-Западный,9.0,31.0,14.0,53.0,17.0,62.0,11.0,40.0,186.0
Байкальск,Иркутская область,Сибирский,9.0,32.0,14.0,53.0,16.0,60.0,11.0,41.0,186.0
Баймак,Башкортостан,Приволжский,9.0,32.0,14.0,53.0,16.0,61.0,11.0,40.0,186.0
Бакал,Челябинская область,Уральский,9.0,31.0,14.0,54.0,17.0,62.0,11.0,40.0,187.0
Баксан,Кабардино-Балкария,Северо-Кавказский,10.0,36.0,14.0,51.0,15.0,56.0,11.0,42.0,185.0
Балабаново,Калужская область,Центральный,9.0,31.0,14.0,54.0,17.0,62.0,11.0,40.0,187.0
Балаково,Саратовская область,Приволжский,9.0,32.0,14.0,53.0,16.0,60.0,11.0,40.0,185.0
Балахна,Нижегородская область,Приволжский,8.0,30.0,15.0,54.0,17.0,63.0,11.0,39.0,186.0
Балашиха,Московская область,Центральный,9.0,30.0,14.0,54.0,17.0,63.0,11.0,40.0,187.0
Балашов,Саратовская область,Приволжский,9.0,32.0,14.0,53.0,16.0,60.0,11.0,40.0,185.0
Балей,Забайкальский край,Сибирский,9.0,32.0,14.0,53.0,16.0,60.0,11.0,41.0,186.0
Балтийск,Калининградская область,Северо-Западный,9.0,31.0,14.0,53.0,17.0,62.0,11.0,40.0,186.0
Барабинск,Новосибирская область,Сибирский,9.0,30.0,14.0,54.0,17.0,63.0,11.0,40.0,187.0
Барнаул,Алтайский край,Сибирский,9.0,32.0,14.0,53.0,16.0,61.0,11.0,40.0,186.0
Барыш,Ульяновская область,Приволжский,9.0,31.0,14.0,53.0,16.0,61.0,11.0,40.0,185.0
Батайск,Ростовская область,Южный,10.0,34.0,14.0,52.0,15.0,58.0,11.0,41.0,185.0
Бахчисарайне призн.,Крым,Южный,0.0,0.0,0.0,0.0,0.0,0.0,0.0,0.0,0.0
Бежецк,Тверская область,Центральный,8.0,29.0,15.0,55.0,17.0,64.0,11.0,39.0,187.0
Белая Калитва,Ростовская область,Южный,9.0,34.0,14.0,52.0,16.0,58.0,11.0,41.0,185.0
Белая Холуница,Кировская область,Приволжский,8.0,28.0,15.0,55.0,18.0,65.0,11.0,39.0,187.0
Белгород,Белгородская область,Центральный,9.0,33.0,14.0,52.0,16.0,60.0,11.0,41.0,186.0
Белебей,Башкортостан,Приволжский,9.0,31.0,14.0,53.0,17.0,62.0,11.0,40.0,186.0
Белёв,Тульская область,Центральный,9.0,31.0,14.0,53.0,16.0,61.0,11.0,40.0,185.0
Белинский,Пензенская область,Приволжский,9.0,32.0,14.0,53.0,16.0,61.0,11.0,40.0,186.0
Белово,Кемеровская область,Сибирский,9.0,31.0,14.0,53.0,17.0,62.0,11.0,40.0,186.0
Белогорск,Амурская область,Дальневосточный,9.0,33.0,14.0,52.0,16.0,60.0,11.0,41.0,186.0
Белогорскне призн.,Крым,Южный,0.0,0.0,0.0,0.0,0.0,0.0,0.0,0.0,0.0
Белозерск,Вологодская область,Северо-Западный,8.0,27.0,15.0,55.0,18.0,67.0,11.0,38.0,187.0
Белокуриха,Алтайский край,Сибирский,9.0,32.0,14.0,53.0,16.0,60.0,11.0,40.0,185.0
Беломорск,Карелия,Северо-Западный,6.0,22.0,16.0,58.0,20.0,73.0,10.0,37.0,190.0
Белоозёрский,Московская область,Центральный,9.0,30.0,14.0,54.0,17.0,63.0,11.0,40.0,187.0
Белорецк,Башкортостан,Приволжский,9.0,31.0,14.0,53.0,17.0,62.0,11.0,40.0,186.0
Белореченск,Краснодарский край,Южный,10.0,35.0,14.0,51.0,15.0,57.0,11.0,42.0,185.0
Белоусово,Калужская область,Центральный,9.0,31.0,14.0,54.0,17.0,62.0,11.0,40.0,187.0
Белоярский,Ханты-Мансийский АО,Уральский,7.0,23.0,15.0,57.0,19.0,72.0,10.0,37.0,189.0
Белый,Тверская область,Центральный,9.0,31.0,14.0,53.0,16.0,61.0,11.0,40.0,185.0
Бердск,Новосибирская область,Сибирский,9.0,31.0,14.0,53.0,17.0,62.0,11.0,40.0,186.0
Березники,Пермский край,Приволжский,8.0,28.0,15.0,55.0,18.0,66.0,11.0,39.0,188.0
Берёзовский,Кемеровская область,Сибирский,9.0,30.0,14.0,54.0,17.0,63.0,11.0,40.0,187.0
Берёзовский,Свердловская область,Уральский,9.0,30.0,14.0,54.0,17.0,63.0,11.0,40.0,187.0
Беслан,Северная Осетия,Северо-Кавказский,10.0,36.0,14.0,51.0,15.0,56.0,11.0,42.0,185.0
Бийск,Алтайский край,Сибирский,9.0,32.0,14.0,53.0,16.0,61.0,11.0,40.0,186.0
Бикин,Хабаровский край,Дальневосточный,10.0,34.0,14.0,51.0,15.0,58.0,11.0,41.0,184.0
Билибино,Чукотский АО,Дальневосточный,6.0,22.0,16.0,58.0,20.0,74.0,10.0,37.0,191.0
Биробиджан,Еврейская АО,Дальневосточный,9.0,34.0,14.0,52.0,16.0,59.0,11.0,41.0,186.0
Бирск,Башкортостан,Приволжский,9.0,30.0,14.0,54.0,17.0,63.0,11.0,40.0,187.0
Бирюсинск,Иркутская область,Сибирский,8.0,30.0,14.0,54.0,17.0,63.0,11.0,40.0,187.0
Бирюч,Белгородская область,Центральный,9.0,33.0,14.0,52.22222222222222,16.0,59.77777777777778,11.0,41.0,186.0
Благовещенск,Башкортостан,Приволжский,9.0,33.0,14.0,52.0,16.0,59.0,11.0,41.0,185.0
Благовещенск,Амурская область,Дальневосточный,9.0,33.0,14.0,52.0,16.0,59.0,11.0,41.0,185.0
Благодарный,Ставропольский край,Северо-Кавказский,10.0,35.0,14.0,51.0,15.0,57.0,11.0,42.0,185.0
Бобров,Воронежская область,Центральный,9.0,33.0,14.0,52.0,16.0,60.0,11.0,41.0,186.0
Богданович,Свердловская область,Уральский,8.0,30.0,15.0,54.0,17.0,64.0,11.0,39.0,187.0
Богородицк,Тульская область,Центральный,9.0,31.0,14.0,53.0,16.0,61.0,11.0,40.0,185.0
Богородск,Нижегородская область,Приволжский,8.0,30.0,15.0,54.0,17.0,63.0,11.0,40.0,187.0
Боготол,Красноярский край,Сибирский,8.0,30.0,15.0,54.0,17.0,63.0,11.0,40.0,187.0
Богучар,Воронежская область,Центральный,9.0,33.0,14.0,52.0,16.0,59.0,11.0,41.0,185.0
Бодайбо,Иркутская область,Сибирский,8.0,29.0,15.0,55.0,17.0,65.0,11.0,39.0,188.0
Бокситогорск,Ленинградская область,Северо-Западный,8.0,28.0,15.0,55.0,18.0,66.0,11.0,39.0,188.0
Болгар,Татарстан,Приволжский,9.0,31.0,14.0,54.0,17.0,62.0,11.0,40.0,187.0
Бологое,Тверская область,Центральный,8.0,29.0,15.0,55.0,17.0,65.0,11.0,39.0,188.0
Болотное,Новосибирская область,Сибирский,9.0,30.0,14.0,54.0,17.0,63.0,11.0,40.0,187.0
Болохово,Тульская область,Центральный,9.0,31.0,14.0,53.0,17.0,62.0,11.0,40.0,186.0
Болхов,Орловская область,Центральный,9.0,32.0,14.0,53.0,16.0,61.0,11.0,40.0,186.0
Большой Камень,Приморский край,Дальневосточный,10.0,36.0,14.0,51.0,15.0,56.0,11.0,42.0,185.0
Бор,Нижегородская область,Приволжский,9.0,33.0,14.0,53.0,16.0,60.0,11.0,41.0,187.0
Борзя,Забайкальский край,Сибирский,9.0,33.0,14.0,52.0,16.0,59.0,11.0,41.0,185.0
Борисоглебск,Воронежская область,Центральный,9.0,33.0,14.0,53.0,16.0,60.0,11.0,41.0,187.0
Боровичи,Новгородская область,Северо-Западный,8.0,28.0,15.0,55.0,17.0,65.0,11.0,39.0,187.0
Боровск,Калужская область,Центральный,8.0,29.0,15.0,54.0,17.0,64.0,11.0,39.0,186.0
Бородино,Красноярский край,Сибирский,9.0,30.0,14.0,54.0,17.0,63.0,11.0,40.0,187.0
Братск,Иркутская область,Сибирский,8.0,30.0,14.0,54.0,17.0,63.0,11.0,40.0,187.0
Бронницы,Московская область,Центральный,9.0,30.0,14.0,54.0,17.0,63.0,11.0,40.0,187.0
Брянск,Брянская область,Центральный,9.0,32.0,14.0,53.0,16.0,61.0,11.0,40.0,186.0
Бугульма,Татарстан,Приволжский,9.0,31.0,14.0,53.0,17.0,62.0,11.0,40.0,186.0
Бугуруслан,Оренбургская область,Приволжский,9.0,31.0,14.0,53.0,16.0,61.0,11.0,40.0,185.0
Будённовск,Ставропольский край,Северо-Кавказский,10.0,35.0,14.0,51.0,15.0,57.0,11.0,42.0,185.0
Бузулук,Оренбургская область,Приволжский,9.0,32.0,14.0,53.0,16.0,61.0,11.0,40.0,186.0
Буинск,Татарстан,Приволжский,9.0,31.0,14.0,54.0,17.0,62.0,11.0,40.0,187.0
Буй,Костромская область,Центральный,10.0,36.0,14.0,51.0,15.0,56.0,11.0,42.0,185.0
Буйнакск,Дагестан,Северо-Кавказский,10.0,36.0,14.0,51.0,15.0,56.0,11.0,42.0,185.0
Бутурлиновка,Воронежская область,Центральный,9.0,33.0,14.0,52.0,16.0,60.0,11.0,41.0,186.0
Валдай,Новгородская область,Северо-Западный,8.0,29.0,15.0,55.0,17.0,65.0,11.0,39.0,188.0
Валуйки,Белгородская область,Центральный,9.0,33.0,14.0,52.0,16.0,59.0,11.0,41.0,185.0
Велиж,Смоленская область,Центральный,9.0,30.0,14.0,54.0,17.0,63.0,11.0,40.0,187.0
Великие Луки,Псковская область,Северо-Западный,8.0,30.0,15.0,54.0,17.0,63.0,11.0,39.0,186.0
Великий Новгород,Новгородская область,Северо-Западный,8.0,28.0,15.0,55.0,17.0,65.0,11.0,39.0,187.0
Великий Устюг,Вологодская область,Северо-Западный,7.0,26.0,15.0,56.0,18.0,67.0,11.0,38.0,187.0
Вельск,Архангельская область,Северо-Западный,7.0,26.0,15.0,56.0,18.0,68.0,10.0,38.0,188.0
Венёв,Тульская область,Центральный,9.0,31.0,14.0,53.0,17.0,62.0,11.0,40.0,186.0
Верещагино,Пермский край,Приволжский,8.0,29.0,15.0,55.0,17.0,65.0,11.0,39.0,188.0
Верея,Московская область,Центральный,9.0,30.0,14.0,54.0,17.0,63.0,11.0,40.0,187.0
Верхнеуральск,Челябинская область,Уральский,9.0,31.0,14.0,53.0,17.0,62.0,11.0,40.0,186.0
Верхний Тагил,Свердловская область,Уральский,8.0,29.0,15.0,54.0,17.0,64.0,11.0,39.0,186.0
Верхний Уфалей,Челябинская область,Уральский,8.0,30.0,14.0,54.0,17.0,63.0,11.0,40.0,187.0
Верхняя Пышма,Свердловская область,Уральский,8.0,29.0,15.0,54.0,17.0,64.0,11.0,39.0,186.0
Верхняя Салда,Свердловская область,Уральский,8.0,29.0,15.0,55.0,17.0,65.0,11.0,39.0,188.0
Верхняя Тура,Свердловская область,Уральский,8.0,28.0,15.0,55.0,17.0,65.0,11.0,39.0,187.0
Верхотурье,Свердловская область,Уральский,8.0,28.0,15.0,55.0,18.0,65.0,11.0,39.0,187.0
Верхоянск,Якутия,Дальневосточный,7.7,27.0,14.9,55.5,17.9,66.9,10.6,38.4,187.8
Весьегонск,Тверская область,Центральный,8.0,28.0,15.0,55.0,17.0,65.0,11.0,39.0,187.0
Ветлуга,Нижегородская область,Приволжский,8.0,29.0,15.0,55.0,17.0,65.0,11.0,39.0,188.0
Видное,Московская область,Центральный,9.0,30.0,14.0,54.0,17.0,63.0,11.0,40.0,187.0
Вилюйск,Якутия,Дальневосточный,7.0,23.0,15.0,57.0,19.0,72.0,10.0,37.0,189.0
Вилючинск,Камчатский край,Дальневосточный,9.0,32.0,14.0,53.0,16.0,61.0,11.0,40.0,186.0
Вихоревка,Иркутская область,Сибирский,8.0,30.0,14.0,54.0,17.0,63.0,11.0,40.0,187.0
Вичуга,Ивановская область,Центральный,8.0,29.0,15.0,54.0,17.0,64.0,11.0,39.0,186.0
Владивосток,Приморский край,Дальневосточный,10.0,36.0,14.0,51.0,15.0,56.0,11.0,42.0,185.0
Владикавказ,Северная Осетия,Северо-Кавказский,10.0,36.0,14.0,51.0,15.0,56.0,11.0,42.0,185.0
Владимир,Владимирская область,Центральный,8.0,30.0,15.0,54.0,17.0,63.0,11.0,40.0,187.0
Волгоград,Волгоградская область,Южный,9.0,34.0,14.0,52.0,16.0,59.0,11.0,41.0,186.0
Волгодонск,Ростовская область,Южный,10.0,34.0,14.0,52.0,16.0,58.0,11.0,41.0,185.0
Волгореченск,Костромская область,Центральный,8.0,29.0,15.0,54.0,17.0,64.0,11.0,39.0,186.0
Волжск,Марий Эл,Приволжский,9.0,34.0,14.0,52.0,16.0,59.0,11.0,41.0,186.0
Волжский,Волгоградская область,Южный,9.0,34.0,14.0,52.0,16.0,59.0,11.0,41.0,186.0
Вологда,Вологодская область,Северо-Западный,8.0,28.0,15.0,55.0,18.0,66.0,11.0,39.0,188.0
Володарск,Нижегородская область,Приволжский,8.0,30.0,15.0,54.0,17.0,63.0,11.0,39.0,186.0
Волоколамск,Московская область,Центральный,8.0,30.0,14.0,54.0,17.0,63.0,11.0,40.0,187.0
Волосово,Ленинградская область,Северо-Западный,8.0,28.0,15.0,55.0,18.0,66.0,11.0,39.0,188.0
Волхов,Ленинградская область,Северо-Западный,8.0,27.0,15.0,55.0,18.0,67.0,11.0,38.0,187.0
Волчанск,Свердловская область,Уральский,8.0,27.0,15.0,55.0,18.0,67.0,11.0,39.0,188.0
Вольск,Саратовская область,Приволжский,9.0,32.0,14.0,53.0,16.0,60.0,11.0,40.0,185.0
Воркута,Коми,Северо-Западный,6.833333333333333,23.666666666666668,15.166666666666666,57.333333333333336,19.0,71.66666666666667,10.0,37.333333333333336,190.00000000000003
Воронеж,Воронежская область,Центральный,9.0,32.0,14.0,53.0,16.0,60.0,11.0,40.0,185.0
Ворсма,Нижегородская область,Приволжский,8.0,30.0,14.0,54.0,17.0,63.0,11.0,40.0,187.0
Воскресенск,Московская область,Центральный,9.0,30.0,14.0,54.0,17.0,62.0,11.0,40.0,186.0
Воткинск,Удмуртия,Приволжский,8.0,29.0,15.0,54.0,17.0,64.0,11.0,39.0,186.0
Всеволожск,Ленинградская область,Северо-Западный,8.0,27.0,15.0,55.0,18.0,67.0,11.0,38.0,187.0
Вуктыл,Коми,Северо-Западный,7.0,23.0,15.0,58.0,19.0,72.0,10.0,37.0,190.0
Выборг,Ленинградская область,Северо-Западный,7.0,27.0,15.0,56.0,18.0,67.0,11.0,38.0,188.0
Выкса,Нижегородская область,Приволжский,9.0,30.0,14.0,54.0,17.0,62.0,11.0,40.0,186.0
Высоковск,Московская область,Центральный,8.0,30.0,15.0,54.0,17.0,63.0,11.0,39.0,186.0
Высоцк,Ленинградская область,Северо-Западный,10.0,35.0,14.0,51.0,15.0,57.0,11.0,42.0,185.0
Вытегра,Вологодская область,Северо-Западный,7.0,26.0,15.0,56.0,18.0,68.0,10.0,38.0,188.0
Вышний Волочёк,Тверская область,Центральный,8.0,29.0,15.0,54.0,17.0,64.0,11.0,39.0,186.0
Вяземский,Хабаровский край,Дальневосточный,10.0,34.0,14.0,52.0,16.0,58.0,11.0,41.0,185.0
Вязники,Владимирская область,Центральный,8.0,30.0,15.0,54.0,17.0,63.0,11.0,39.0,186.0
Вязьма,Смоленская область,Центральный,9.0,31.0,14.0,54.0,17.0,62.0,11.0,40.0,187.0
Вятские Поляны,Кировская область,Приволжский,8.0,30.0,15.0,54.0,17.0,63.0,11.0,40.0,187.0
Гаврилов Посад,Ивановская область,Центральный,8.0,30.0,15.0,54.0,17.0,63.0,11.0,39.0,186.0
Гаврилов-Ям,Ярославская область,Центральный,8.0,29.0,15.0,54.0,17.0,64.0,11.0,39.0,186.0
Гагарин,Смоленская область,Центральный,9.0,30.0,14.0,54.0,17.0,63.0,11.0,40.0,187.0
Гаджиево,Мурманская область,Северо-Западный,0.0,0.0,0.0,0.0,0.0,0.0,0.0,0.0,0.0
Гай,Оренбургская область,Приволжский,9.0,33.0,14.0,53.0,16.0,60.0,11.0,41.0,187.0
Галич,Костромская область,Центральный,8.0,28.0,15.0,55.0,17.0,65.0,11.0,39.0,187.0
Гатчина,Ленинградская область,Северо-Западный,8.0,28.0,15.0,55.0,18.0,66.0,11.0,39.0,188.0
Гвардейск,Калининградская область,Северо-Западный,9.0,31.0,14.0,53.0,17.0,62.0,11.0,40.0,186.0
Гдов,Псковская область,Северо-Западный,8.0,28.0,15.0,55.0,17.0,65.0,11.0,39.0,187.0
Геленджик,Краснодарский край,Южный,10.0,35.0,14.0,51.0,15.0,57.0,11.0,42.0,185.0
Георгиевск,Ставропольский край,Северо-Кавказский,10.0,35.0,14.0,51.0,15.0,57.0,11.0,42.0,185.0
Глазов,Удмуртия,Приволжский,8.0,29.0,15.0,55.0,17.0,65.0,11.0,39.0,188.0
Голицыно,Московская область,Центральный,9.0,30.0,14.0,54.0,17.0,63.0,11.0,40.0,187.0
Горбатов,Нижегородская область,Приволжский,8.0,30.0,15.0,54.0,17.0,63.0,11.0,39.0,186.0
Горно-Алтайск,Алтай,Сибирский,9.0,32.0,14.0,53.0,16.0,60.0,11.0,40.0,185.0
Горнозаводск,Пермский край,Приволжский,8.0,28.0,15.0,55.0,17.0,65.0,11.0,39.0,187.0
Горняк,Алтайский край,Сибирский,9.0,33.0,14.0,52.0,16.0,60.0,11.0,41.0,186.0
Городец,Нижегородская область,Приволжский,8.0,30.0,15.0,54.0,17.0,64.0,11.0,39.0,187.0
Городище,Пензенская область,Приволжский,9.0,34.0,14.0,52.0,16.0,59.0,11.0,41.0,186.0
Городовиковск,Калмыкия,Южный,10.0,35.0,14.0,51.0,15.0,57.0,11.0,41.0,184.0
Гороховец,Владимирская область,Центральный,8.0,30.0,15.0,54.0,17.0,63.0,11.0,40.0,187.0
Горячий Ключ,Краснодарский край,Южный,10.0,35.0,14.0,51.0,15.0,57.0,11.0,42.0,185.0
Грайворон,Белгородская область,Центральный,9.0,33.0,14.0,52.0,16.0,60.0,11.0,41.0,186.0
Гремячинск,Пермский край,Приволжский,8.0,28.0,15.0,55.0,17.0,65.0,11.0,39.0,187.0
Грозный,Чечня,Северо-Кавказский,10.0,36.0,14.0,51.0,15.0,56.0,11.0,42.0,185.0
Грязи,Липецкая область,Центральный,9.0,32.0,14.0,53.0,16.0,61.0,11.0,40.0,186.0
Грязовец,Вологодская область,Северо-Западный,8.0,28.0,15.0,55.0,18.0,65.0,11.0,39.0,187.0
Губаха,Пермский край,Приволжский,8.0,28.0,15.0,55.0,18.0,65.0,11.0,39.0,187.0
Губкин,Белгородская область,Центральный,9.0,33.0,14.0,53.0,16.0,60.0,11.0,41.0,187.0
Губкинский,Ямало-Ненецкий АО,Уральский,6.0,22.0,16.0,58.0,20.0,73.0,10.0,37.0,190.0
Гудермес,Чечня,Северо-Кавказский,10.0,36.0,14.0,51.0,15.0,56.0,11.0,42.0,185.0
Гуково,Ростовская область,Южный,9.0,34.0,14.0,52.0,16.0,58.0,11.0,41.0,185.0
Гулькевичи,Краснодарский край,Южный,10.0,35.0,14.0,51.0,15.0,57.0,11.0,41.0,184.0
Гурьевск,Калининградская область,Северо-Западный,9.0,31.0,14.0,53.0,17.0,62.0,11.0,40.0,186.0
Гурьевск,Кемеровская область,Сибирский,9.0,31.0,14.0,53.0,17.0,62.0,11.0,40.0,186.0
Гусев,Калининградская область,Северо-Западный,9.0,31.0,14.0,53.0,17.0,62.0,11.0,40.0,186.0
Гусиноозёрск,Бурятия,Сибирский,9.0,33.0,14.0,52.0,16.0,60.0,11.0,41.0,186.0
Гусь-Хрустальный,Владимирская область,Центральный,9.0,30.0,14.0,54.0,17.0,63.0,11.0,40.0,187.0
Давлеканово,Башкортостан,Приволжский,9.0,31.0,14.0,53.0,17.0,62.0,11.0,40.0,186.0
Дагестанские Огни,Дагестан,Северо-Кавказский,10.0,36.0,14.0,51.0,15.0,56.0,11.0,42.0,185.0
Далматово,Курганская область,Уральский,8.0,30.0,15.0,54.0,17.0,63.0,11.0,40.0,187.0
Дальнегорск,Приморский край,Дальневосточный,10.0,35.0,14.0,51.0,15.0,57.0,11.0,42.0,185.0
Дальнереченск,Приморский край,Дальневосточный,10.0,35.0,14.0,51.0,15.0,57.0,11.0,41.0,184.0
Данилов,Ярославская область,Центральный,8.0,29.0,15.0,55.0,17.0,65.0,11.0,39.0,188.0
Данков,Липецкая область,Центральный,9.0,32.0,14.0,53.0,16.0,61.0,11.0,40.0,186.0
Дегтярск,Свердловская область,Уральский,8.0,30.0,15.0,54.0,17.0,64.0,11.0,39.0,187.0
Дедовск,Московская область,Центральный,9.0,30.0,14.0,54.0,17.0,63.0,11.0,40.0,187.0
Демидов,Смоленская область,Центральный,9.0,31.0,14.0,54.0,17.0,62.0,11.0,40.0,187.0
Дербент,Дагестан,Северо-Кавказский,10.0,36.0,14.0,51.0,15.0,56.0,11.0,42.0,185.0
Десногорск,Смоленская область,Центральный,9.0,31.0,14.0,53.0,17.0,62.0,11.0,40.0,186.0
Джанкойне призн.,Крым,Южный,0.0,0.0,0.0,0.0,0.0,0.0,0.0,0.0,0.0
Дзержинск,Нижегородская область,Приволжский,8.0,30.0,15.0,54.0,17.0,63.0,11.0,39.0,186.0
Дзержинский,Московская область,Центральный,9.0,30.0,14.0,54.0,17.0,63.0,11.0,40.0,187.0
Дивногорск,Красноярский край,Сибирский,8.0,30.0,14.0,54.0,17.0,63.0,11.0,40.0,187.0
Дигора,Северная Осетия,Северо-Кавказский,10.0,36.0,14.0,51.0,15.0,56.0,11.0,42.0,185.0
Димитровград,Ульяновская область,Приволжский,9.0,31.0,14.0,53.0,17.0,62.0,11.0,40.0,186.0
Дмитриев,Курская область,Центральный,9.0,31.0,14.0,53.0,17.0,62.0,11.0,40.0,186.0
Дмитров,Московская область,Центральный,8.0,30.0,15.0,54.0,17.0,63.0,11.0,39.0,186.0
Дмитровск,Орловская область,Центральный,9.0,32.0,14.0,53.0,16.0,61.0,11.0,40.0,186.0
Дно,Псковская область,Северо-Западный,8.0,29.0,15.0,55.0,17.0,64.0,11.0,39.0,187.0
Добрянка,Пермский край,Приволжский,8.0,28.0,15.0,55.0,17.0,65.0,11.0,39.0,187.0
Долгопрудный,Московская область,Центральный,9.0,30.0,14.0,54.0,17.0,63.0,11.0,40.0,187.0
Долинск,Сахалинская область,Дальневосточный,10.0,34.0,14.0,52.0,16.0,58.0,11.0,41.0,185.0
Домодедово,Московская область,Центральный,9.0,30.0,14.0,54.0,17.0,63.0,11.0,40.0,187.0
Донецк,Ростовская область,Южный,9.0,34.0,14.0,52.0,16.0,58.0,11.0,41.0,185.0
Донской,Тульская область,Центральный,9.0,31.0,14.0,53.0,17.0,62.0,11.0,40.0,186.0
Дорогобуж,Смоленская область,Центральный,9.0,31.0,14.0,54.0,17.0,62.0,11.0,40.0,187.0
Дрезна,Московская область,Центральный,9.0,30.0,14.0,54.0,17.0,63.0,11.0,40.0,187.0
Дубна,Московская область,Центральный,8.0,30.0,15.0,54.0,17.0,64.0,11.0,39.0,187.0
Дубовка,Волгоградская область,Южный,9.0,34.0,14.0,52.0,16.0,59.0,11.0,41.0,186.0
Дудинка,Красноярский край,Сибирский,8.31578947368421,29.842105263157894,14.421052631578947,54.05263157894737,16.894736842105264,63.1578947368421,11.0,39.78947368421053,186.8421052631579
Духовщина,Смоленская область,Центральный,9.0,31.0,14.0,54.0,17.0,62.0,11.0,40.0,187.0
Дюртюли,Башкортостан,Приволжский,9.0,30.0,14.0,54.0,17.0,63.0,11.0,40.0,187.0
Дятьково,Брянская область,Центральный,9.0,31.0,14.0,53.0,16.0,61.0,11.0,40.0,185.0
Евпаторияне призн.,Крым,Южный,0.0,0.0,0.0,0.0,0.0,0.0,0.0,0.0,0.0
Егорьевск,Московская область,Центральный,9.0,30.0,14.0,54.0,17.0,63.0,11.0,40.0,187.0
Ейск,Краснодарский край,Южный,10.0,35.0,14.0,51.0,15.0,58.0,11.0,41.0,185.0
Екатеринбург,Свердловская область,Уральский,8.0,30.0,15.0,54.0,17.0,64.0,11.0,39.0,187.0
Елабуга,Татарстан,Приволжский,9.0,30.0,14.0,54.0,17.0,63.0,11.0,40.0,187.0
Елец,Липецкая область,Центральный,9.0,32.0,14.0,53.0,16.0,61.0,11.0,40.0,186.0
Елизово,Камчатский край,Дальневосточный,9.0,32.0,14.0,53.0,16.0,61.0,11.0,40.0,186.0
Ельня,Смоленская область,Центральный,9.0,31.0,14.0,53.0,17.0,62.0,11.0,40.0,186.0
Еманжелинск,Челябинская область,Уральский,9.0,31.0,14.0,53.0,17.0,62.0,11.0,40.0,186.0
Емва,Коми,Северо-Западный,6.833333333333333,23.666666666666668,15.166666666666666,57.333333333333336,19.0,71.66666666666667,10.0,37.333333333333336,190.00000000000003
Енисейск,Красноярский край,Сибирский,8.0,28.0,15.0,55.0,17.0,65.0,11.0,39.0,187.0
Ермолино,Калужская область,Центральный,9.0,31.0,14.0,54.0,17.0,62.0,11.0,40.0,187.0
Ершов,Саратовская область,Приволжский,9.0,33.0,14.0,53.0,16.0,60.0,11.0,41.0,187.0
Ессентуки,Ставропольский край,Северо-Кавказский,10.0,36.0,14.0,51.0,15.0,57.0,11.0,42.0,186.0
Ефремов,Тульская область,Центральный,9.0,32.0,14.0,53.0,16.0,61.0,11.0,40.0,186.0
Железноводск,Ставропольский край,Северо-Кавказский,10.0,35.0,14.0,51.0,15.0,57.0,11.0,42.0,185.0
Железногорск,Красноярский край,Сибирский,9.0,32.0,14.0,53.0,16.0,61.0,11.0,40.0,186.0
Железногорск,Курская область,Центральный,9.0,32.0,14.0,53.0,16.0,61.0,11.0,40.0,186.0
Железногорск-Илимский,Иркутская область,Сибирский,8.0,30.0,15.0,54.0,17.0,63.0,11.0,39.0,186.0
Жердевка,Тамбовская область,Центральный,9.0,32.0,14.0,53.0,16.0,60.0,11.0,40.0,185.0
Жигулёвск,Самарская область,Приволжский,9.0,32.0,14.0,53.0,16.0,61.0,11.0,40.0,186.0
Жиздра,Калужская область,Центральный,9.0,31.0,14.0,53.0,16.0,61.0,11.0,40.0,185.0
Жирновск,Волгоградская область,Южный,9.0,33.0,14.0,52.0,16.0,60.0,11.0,41.0,186.0
Жуков,Калужская область,Центральный,9.0,30.0,14.0,54.0,17.0,63.0,11.0,40.0,187.0
Жуковка,Брянская область,Центральный,9.0,31.0,14.0,53.0,16.0,61.0,11.0,40.0,185.0
Жуковский,Московская область,Центральный,9.0,30.0,14.0,54.0,17.0,63.0,11.0,40.0,187.0
Завитинск,Амурская область,Дальневосточный,9.0,33.0,14.0,52.0,16.0,59.0,11.0,41.0,185.0
Заводоуковск,Тюменская область,Уральский,8.0,30.0,15.0,54.0,17.0,63.0,11.0,39.0,186.0
Заволжск,Ивановская область,Центральный,8.0,29.0,15.0,54.0,17.0,64.0,11.0,39.0,186.0
Заволжье,Нижегородская область,Приволжский,8.0,30.0,15.0,54.0,17.0,64.0,11.0,39.0,187.0
Задонск,Липецкая область,Центральный,9.0,32.0,14.0,53.0,16.0,61.0,11.0,40.0,186.0
Заинск,Татарстан,Приволжский,9.0,30.0,14.0,54.0,17.0,63.0,11.0,40.0,187.0
Закаменск,Бурятия,Сибирский,9.0,33.0,14.0,52.0,16.0,59.0,11.0,41.0,185.0
Заозёрный,Красноярский край,Сибирский,8.31578947368421,29.842105263157894,14.421052631578947,54.05263157894737,16.894736842105264,63.1578947368421,11.0,39.78947368421053,186.8421052631579
Заозёрск,Мурманская область,Северо-Западный,0.0,0.0,0.0,0.0,0.0,0.0,0.0,0.0,0.0
Западная Двина,Тверская область,Центральный,8.0,30.0,15.0,54.0,17.0,63.0,11.0,39.0,186.0
Заполярный,Мурманская область,Северо-Западный,0.0,0.0,0.0,0.0,0.0,0.0,0.0,0.0,0.0
Зарайск,Московская область,Центральный,9.0,31.0,14.0,54.0,17.0,62.0,11.0,40.0,187.0
Заречный,Пензенская область,Приволжский,9.0,32.0,14.0,53.0,16.0,61.0,11.0,40.0,186.0
Заречный,Свердловская область,Уральский,9.0,32.0,14.0,53.0,16.0,61.0,11.0,40.0,186.0
Заринск,Алтайский край,Сибирский,9.0,31.0,14.0,53.0,16.0,61.0,11.0,40.0,185.0
Звенигово,Марий Эл,Приволжский,8.0,30.0,14.0,54.0,17.0,63.0,11.0,40.0,187.0
Звенигород,Московская область,Центральный,9.0,30.0,14.0,54.0,17.0,63.0,11.0,40.0,187.0
Зверево,Ростовская область,Южный,9.0,34.0,14.0,52.0,16.0,58.0,11.0,41.0,185.0
Зеленогорск,Красноярский край,Сибирский,8.0,30.0,14.0,54.0,17.0,63.0,11.0,40.0,187.0
Зеленоградск,Калининградская область,Северо-Западный,9.0,31.0,14.0,54.0,17.0,62.0,11.0,40.0,187.0
Зеленодольск,Татарстан,Приволжский,9.0,30.0,14.0,54.0,17.0,63.0,11.0,40.0,187.0
Зеленокумск,Ставропольский край,Северо-Кавказский,10.0,35.0,14.0,51.0,15.0,57.0,11.0,42.0,185.0
Зерноград,Ростовская область,Южный,10.0,35.0,14.0,52.0,15.0,58.0,11.0,41.0,186.0
Зея,Амурская область,Дальневосточный,9.0,31.0,14.0,53.0,16.0,61.0,11.0,40.0,185.0
Зима,Иркутская область,Сибирский,9.0,31.0,14.0,53.0,17.0,62.0,11.0,40.0,186.0
Златоуст,Челябинская область,Уральский,9.0,31.0,14.0,54.0,17.0,62.0,11.0,40.0,187.0
Злынка,Брянская область,Центральный,9.0,32.0,14.0,53.0,16.0,61.0,11.0,40.0,186.0
Змеиногорск,Алтайский край,Сибирский,9.0,33.0,14.0,52.0,16.0,60.0,11.0,41.0,186.0
Знаменск,Астраханская область,Южный,9.0,34.0,14.0,52.0,16.0,59.0,11.0,41.0,186.0
Зубцов,Тверская область,Центральный,8.0,30.0,15.0,54.0,17.0,63.0,11.0,40.0,187.0
Зуевка,Кировская область,Приволжский,8.0,28.0,15.0,55.0,17.0,65.0,11.0,39.0,187.0
Ивангород,Ленинградская область,Северо-Западный,8.0,28.0,15.0,55.0,18.0,66.0,11.0,39.0,188.0
Иваново,Ивановская область,Центральный,8.0,29.0,15.0,54.0,17.0,64.0,11.0,39.0,186.0
Ивантеевка,Московская область,Центральный,9.0,30.0,14.0,54.0,17.0,63.0,11.0,40.0,187.0
Ивдель,Свердловская область,Уральский,7.0,27.0,15.0,56.0,18.0,67.0,11.0,38.0,188.0
Игарка,Красноярский край,Сибирский,8.31578947368421,29.842105263157894,14.421052631578947,54.05263157894737,16.894736842105264,63.1578947368421,11.0,39.78947368421053,186.8421052631579
Ижевск,Удмуртия,Приволжский,8.0,30.0,15.0,54.0,17.0,64.0,11.0,39.0,187.0
Избербаш,Дагестан,Северо-Кавказский,10.0,36.0,14.0,51.0,15.0,56.0,11.0,42.0,185.0
Изобильный,Ставропольский край,Северо-Кавказский,10.0,35.0,14.0,51.0,15.0,57.0,11.0,41.0,184.0
Иланский,Красноярский край,Сибирский,8.0,30.0,15.0,54.0,17.0,63.0,11.0,40.0,187.0
Инза,Ульяновская область,Приволжский,9.0,31.0,14.0,53.0,16.0,62.0,11.0,40.0,186.0
Иннополис,Татарстан,Приволжский,8.863636363636363,30.363636363636363,14.136363636363637,53.81818181818182,17.0,62.63636363636363,11.0,39.95454545454545,186.77272727272725
Инсар,Мордовия,Приволжский,9.0,31.0,14.0,53.0,16.0,62.0,11.0,40.0,186.0
Инта,Коми,Северо-Западный,6.833333333333333,23.666666666666668,15.166666666666666,57.333333333333336,19.0,71.66666666666667,10.0,37.333333333333336,190.00000000000003
Ипатово,Ставропольский край,Северо-Кавказский,10.0,35.0,14.0,51.0,15.0,57.0,11.0,41.0,184.0
Ирбит,Свердловская область,Уральский,8.0,29.0,15.0,54.0,17.0,64.0,11.0,39.0,186.0
Иркутск,Иркутская область,Сибирский,9.0,32.0,14.0,53.0,16.0,61.0,11.0,40.0,186.0
Исилькуль,Омская область,Сибирский,8.8,30.2,14.2,54.0,17.0,62.8,11.0,39.8,186.8
Искитим,Новосибирская область,Сибирский,9.0,31.0,14.0,53.0,17.0,62.0,11.0,40.0,186.0
Истра,Московская область,Центральный,9.0,30.0,14.0,54.0,17.0,63.0,11.0,40.0,187.0
Ишим,Тюменская область,Уральский,9.0,32.0,14.0,53.0,16.0,61.0,11.0,40.0,186.0
Ишимбай,Башкортостан,Приволжский,9.0,32.0,14.0,53.0,16.0,61.0,11.0,40.0,186.0
Йошкар-Ола,Марий Эл,Приволжский,8.0,30.0,15.0,54.0,17.0,64.0,11.0,39.0,187.0
Кадников,Вологодская область,Северо-Западный,8.0,28.0,15.0,55.0,18.0,66.0,11.0,39.0,188.0
Казань,Татарстан,Приволжский,9.0,30.0,14.0,54.0,17.0,63.0,11.0,40.0,187.0
Калач,Воронежская область,Центральный,9.0,34.0,14.0,52.0,16.0,59.0,11.0,41.0,186.0
Калач-на-Дону,Волгоградская область,Южный,9.0,34.0,14.0,52.0,16.0,59.0,11.0,41.0,186.0
Калачинск,Омская область,Сибирский,9.0,31.0,14.0,54.0,17.0,62.0,11.0,40.0,187.0
Калининград,Калининградская область,Северо-Западный,9.0,31.0,14.0,54.0,17.0,62.0,11.0,40.0,187.0
Калининск,Саратовская область,Приволжский,9.0,33.0,14.0,53.0,16.0,60.0,11.0,40.0,186.0
Калтан,Кемеровская область,Сибирский,9.0,31.0,14.0,53.0,16.0,61.0,11.0,40.0,185.0
Калуга,Калужская область,Центральный,9.0,31.0,14.0,53.0,17.0,62.0,11.0,40.0,186.0
Калязин,Тверская область,Центральный,8.0,29.0,15.0,54.0,17.0,64.0,11.0,39.0,186.0
Камбарка,Удмуртия,Приволжский,8.0,30.0,15.0,54.0,17.0,63.0,11.0,39.0,186.0
Каменка,Пензенская область,Приволжский,9.0,33.0,14.0,53.0,16.0,60.0,11.0,41.0,187.0
Каменногорск,Ленинградская область,Северо-Западный,7.0,26.0,15.0,56.0,18.0,68.0,10.0,38.0,188.0
Каменск-Уральский,Свердловская область,Уральский,8.0,30.0,15.0,54.0,17.0,63.0,11.0,39.0,186.0
Каменск-Шахтинский,Ростовская область,Южный,9.727272727272727,34.13636363636363,14.0,51.90909090909091,15.636363636363637,58.04545454545455,11.0,41.0,185.09090909090907
Камень-на-Оби,Алтайский край,Сибирский,9.0,31.0,14.0,53.0,16.0,61.0,11.0,40.0,185.0
Камешково,Владимирская область,Центральный,8.0,30.0,15.0,54.0,17.0,63.0,11.0,39.0,186.0
Камызяк,Астраханская область,Южный,10.0,35.0,14.0,51.0,15.0,57.0,11.0,41.0,184.0
Камышин,Волгоградская область,Южный,9.0,33.0,14.0,52.0,16.0,59.0,11.0,41.0,185.0
Камышлов,Свердловская область,Уральский,8.0,30.0,15.0,54.0,17.0,64.0,11.0,39.0,187.0
Канаш,Чувашия,Приволжский,9.0,30.0,14.0,54.0,17.0,63.0,11.0,40.0,187.0
Кандалакша,Мурманская область,Северо-Западный,0.0,0.0,0.0,0.0,0.0,0.0,0.0,0.0,0.0
Канск,Красноярский край,Сибирский,8.0,30.0,15.0,54.0,17.0,63.0,11.0,40.0,187.0
Карабаново,Владимирская область,Центральный,8.0,30.0,15.0,54.0,17.0,63.0,11.0,39.0,186.0
Карабаш,Челябинская область,Уральский,9.0,30.0,14.0,54.0,17.0,63.0,11.0,40.0,187.0
Карабулак,Ингушетия,Северо-Кавказский,10.0,36.0,14.0,51.0,15.0,56.0,11.0,42.0,185.0
Карасук,Новосибирская область,Сибирский,9.0,31.0,14.0,53.0,16.0,61.0,11.0,40.0,185.0
Карачаевск,Карачаево-Черкесия,Северо-Кавказский,10.0,36.0,14.0,51.0,15.0,56.0,11.0,42.0,185.0
Карачев,Брянская область,Центральный,9.0,32.0,14.0,53.0,16.0,61.0,11.0,40.0,186.0
Каргат,Новосибирская область,Сибирский,9.0,31.0,14.0,54.0,17.0,62.0,11.0,40.0,187.0
Каргополь,Архангельская область,Северо-Западный,7.0,26.0,15.0,56.0,18.0,68.0,10.0,38.0,188.0
Карпинск,Свердловская область,Уральский,8.0,27.0,15.0,55.0,18.0,66.0,11.0,39.0,187.0
Карталы,Челябинская область,Уральский,9.0,32.0,14.0,53.0,16.0,61.0,11.0,40.0,186.0
Касимов,Рязанская область,Центральный,9.0,31.0,14.0,54.0,17.0,62.0,11.0,40.0,187.0
Касли,Челябинская область,Уральский,9.0,30.0,14.0,54.0,17.0,63.0,11.0,40.0,187.0
Каспийск,Дагестан,Северо-Кавказский,10.0,36.0,14.0,51.0,15.0,56.0,11.0,42.0,185.0
Катав-Ивановск,Челябинская область,Уральский,9.0,31.0,14.0,53.0,17.0,62.0,11.0,40.0,186.0
Катайск,Курганская область,Уральский,8.0,30.0,15.0,54.0,17.0,63.0,11.0,39.0,186.0
Качканар,Свердловская область,Уральский,8.0,28.0,15.0,55.0,17.0,65.0,11.0,39.0,187.0
Кашин,Тверская область,Центральный,8.0,29.0,15.0,54.0,17.0,64.0,11.0,39.0,186.0
Кашира,Московская область,Центральный,9.0,31.0,14.0,54.0,17.0,62.0,11.0,40.0,187.0
Кедровый,Томская область,Сибирский,8.0,30.0,15.0,54.0,17.0,63.0,11.0,40.0,187.0
Кемерово,Кемеровская область,Сибирский,9.0,30.0,14.0,54.0,17.0,63.0,11.0,40.0,187.0
Кемь,Карелия,Северо-Западный,6.0,22.0,16.0,58.0,20.0,75.0,10.0,37.0,192.0
Керчьне призн.,Крым,Южный,0.0,0.0,0.0,0.0,0.0,0.0,0.0,0.0,0.0
Кизел,Пермский край,Приволжский,8.0,28.0,15.0,55.0,18.0,66.0,11.0,39.0,188.0
Кизилюрт,Дагестан,Северо-Кавказский,10.0,36.0,14.0,51.0,15.0,56.0,11.0,42.0,185.0
Кизляр,Дагестан,Северо-Кавказский,10.0,36.0,14.0,51.0,15.0,56.0,11.0,42.0,185.0
Кимовск,Тульская область,Центральный,9.0,31.0,14.0,53.0,17.0,62.0,11.0,40.0,186.0
Кимры,Тверская область,Центральный,8.0,30.0,15.0,54.0,17.0,64.0,11.0,39.0,187.0
Кингисепп,Ленинградская область,Северо-Западный,8.0,28.0,15.0,55.0,18.0,66.0,11.0,39.0,188.0
Кинель,Самарская область,Приволжский,9.0,32.0,14.0,53.0,16.0,61.0,11.0,40.0,186.0
Кинешма,Ивановская область,Центральный,8.0,29.0,15.0,54.0,17.0,64.0,11.0,39.0,186.0
Киреевск,Тульская область,Центральный,9.0,31.0,14.0,53.0,17.0,62.0,11.0,40.0,186.0
Киренск,Иркутская область,Сибирский,8.0,29.0,15.0,54.0,17.0,64.0,11.0,39.0,186.0
Киржач,Владимирская область,Центральный,8.0,30.0,15.0,54.0,17.0,63.0,11.0,40.0,187.0
Кириллов,Вологодская область,Северо-Западный,8.0,27.0,15.0,55.0,18.0,66.0,11.0,39.0,187.0
Кириши,Ленинградская область,Северо-Западный,8.0,28.0,15.0,55.0,18.0,66.0,11.0,39.0,188.0
Киров,Калужская область,Центральный,8.0,28.0,15.0,55.0,17.0,65.0,11.0,39.0,187.0
Киров,Кировская область,Приволжский,8.0,28.0,15.0,55.0,17.0,65.0,11.0,39.0,187.0
Кировград,Свердловская область,Уральский,8.0,29.0,15.0,54.0,17.0,64.0,11.0,39.0,186.0
Кирово-Чепецк,Кировская область,Приволжский,8.0,28.0,15.0,55.0,17.0,65.0,11.0,39.0,187.0
Кировск,Ленинградская область,Северо-Западный,7.935483870967742,27.741935483870968,14.935483870967742,55.064516129032256,17.774193548387096,65.93548387096774,10.870967741935484,38.74193548387097,187.48387096774195
Кировск,Мурманская область,Северо-Западный,0.0,0.0,0.0,0.0,0.0,0.0,0.0,0.0,0.0
Кирс,Кировская область,Приволжский,9.0,32.0,14.0,53.0,16.0,61.0,11.0,40.0,186.0
Кирсанов,Тамбовская область,Центральный,9.0,32.0,14.0,53.0,16.0,61.0,11.0,40.0,186.0
Киселёвск,Кемеровская область,Сибирский,9.0,31.0,14.0,53.0,17.0,62.0,11.0,40.0,186.0
Кисловодск,Ставропольский край,Северо-Кавказский,10.0,36.0,14.0,51.0,15.0,57.0,11.0,42.0,186.0
Клин,Московская область,Центральный,8.0,30.0,15.0,54.0,17.0,63.0,11.0,39.0,186.0
Клинцы,Брянская область,Центральный,9.0,32.0,14.0,53.0,16.0,61.0,11.0,40.0,186.0
Княгинино,Нижегородская область,Приволжский,9.0,30.0,14.0,54.0,17.0,63.0,11.0,40.0,187.0
Ковдор,Мурманская область,Северо-Западный,0.0,0.0,0.0,0.0,0.0,0.0,0.0,0.0,0.0
Ковров,Владимирская область,Центральный,8.0,30.0,15.0,54.0,17.0,63.0,11.0,39.0,186.0
Ковылкино,Мордовия,Приволжский,9.0,31.0,14.0,53.0,17.0,62.0,11.0,40.0,186.0
Когалым,Ханты-Мансийский АО,Уральский,7.0,25.0,15.0,57.0,19.0,69.0,10.0,38.0,189.0
Кодинск,Красноярский край,Сибирский,8.0,28.0,15.0,55.0,17.0,65.0,11.0,39.0,187.0
Козельск,Калужская область,Центральный,9.0,31.0,14.0,53.0,17.0,62.0,11.0,40.0,186.0
Козловка,Чувашия,Приволжский,9.0,30.0,14.0,54.0,17.0,63.0,11.0,40.0,187.0
Козьмодемьянск,Марий Эл,Приволжский,8.0,30.0,15.0,54.0,17.0,63.0,11.0,39.0,186.0
Кола,Мурманская область,Северо-Западный,0.0,0.0,0.0,0.0,0.0,0.0,0.0,0.0,0.0
Кологрив,Костромская область,Центральный,8.0,28.0,15.0,55.0,18.0,65.0,11.0,39.0,187.0
Коломна,Московская область,Центральный,9.0,31.0,14.0,54.0,17.0,62.0,11.0,40.0,187.0
Колпашево,Томская область,Сибирский,8.0,28.0,15.0,55.0,17.0,65.0,11.0,39.0,187.0
Кольчугино,Владимирская область,Центральный,8.0,30.0,15.0,54.0,17.0,63.0,11.0,39.0,186.0
Коммунар,Ленинградская область,Северо-Западный,8.0,27.0,15.0,55.0,18.0,66.0,11.0,39.0,187.0
Комсомольск,Ивановская область,Центральный,9.0,33.0,14.0,52.0,16.0,60.0,11.0,41.0,186.0
Комсомольск-на-Амуре,Хабаровский край,Дальневосточный,9.0,33.0,14.0,52.0,16.0,60.0,11.0,41.0,186.0
Конаково,Тверская область,Центральный,8.0,30.0,15.0,54.0,17.0,64.0,11.0,39.0,187.0
Кондопога,Карелия,Северо-Западный,7.0,25.0,15.0,57.0,18.0,69.0,10.0,38.0,189.0
Кондрово,Калужская область,Центральный,9.0,31.0,14.0,54.0,17.0,62.0,11.0,40.0,187.0
Константиновск,Ростовская область,Южный,10.0,34.0,14.0,52.0,16.0,58.0,11.0,41.0,185.0
Копейск,Челябинская область,Уральский,9.0,31.0,14.0,54.0,17.0,62.0,11.0,40.0,187.0
Кораблино,Рязанская область,Центральный,9.0,31.0,14.0,53.0,17.0,62.0,11.0,40.0,186.0
Кореновск,Краснодарский край,Южный,10.0,35.0,14.0,51.0,15.0,57.0,11.0,41.0,184.0
Коркино,Челябинская область,Уральский,9.0,31.0,14.0,54.0,17.0,62.0,11.0,40.0,187.0
Королёв,Московская область,Центральный,9.0,30.0,14.0,54.0,17.0,63.0,11.0,40.0,187.0
Короча,Белгородская область,Центральный,9.0,33.0,14.0,52.22222222222222,16.0,59.77777777777778,11.0,41.0,186.0
Корсаков,Сахалинская область,Дальневосточный,10.0,35.0,14.0,51.0,15.0,58.0,11.0,41.0,185.0
Коряжма,Архангельская область,Северо-Западный,7.0,26.0,15.0,56.0,18.0,68.0,10.0,38.0,188.0
Костерёво,Владимирская область,Центральный,9.0,30.0,14.0,54.0,17.0,63.0,11.0,40.0,187.0
Костомукша,Карелия,Северо-Западный,6.0,22.0,16.0,58.0,20.0,74.0,10.0,37.0,191.0
Кострома,Костромская область,Центральный,8.0,29.0,15.0,55.0,17.0,64.0,11.0,39.0,187.0
Котельники,Московская область,Центральный,9.0,30.0,14.0,54.0,17.0,63.0,11.0,40.0,187.0
Котельниково,Волгоградская область,Южный,10.0,34.0,14.0,52.0,16.0,58.0,11.0,41.0,185.0
Котельнич,Кировская область,Приволжский,8.0,28.0,15.0,55.0,17.0,65.0,11.0,39.0,187.0
Котлас,Архангельская область,Северо-Западный,7.0,26.0,15.0,56.0,18.0,68.0,10.0,38.0,188.0
Котово,Волгоградская область,Южный,9.0,33.0,14.0,52.0,16.0,59.0,11.0,41.0,185.0
Котовск,Тамбовская область,Центральный,9.0,32.0,14.0,53.0,16.0,61.0,11.0,40.0,186.0
Кохма,Ивановская область,Центральный,8.0,29.0,15.0,54.0,17.0,64.0,11.0,39.0,186.0
Красавино,Вологодская область,Северо-Западный,7.0,26.0,15.0,56.0,18.0,68.0,10.0,38.0,188.0
Красноармейск,Московская область,Центральный,9.0,33.0,14.0,52.0,16.0,60.0,11.0,41.0,186.0
Красноармейск,Саратовская область,Приволжский,9.0,33.0,14.0,52.0,16.0,60.0,11.0,41.0,186.0
Красновишерск,Пермский край,Приволжский,8.0,27.0,15.0,56.0,18.0,67.0,11.0,38.0,188.0
Красногорск,Московская область,Центральный,9.0,30.0,14.0,54.0,17.0,63.0,11.0,40.0,187.0
Краснодар,Краснодарский край,Южный,10.0,35.0,14.0,51.0,15.0,57.0,11.0,42.0,185.0
Краснозаводск,Московская область,Центральный,8.0,30.0,15.0,54.0,17.0,63.0,11.0,39.0,186.0
Краснознаменск,Калининградская область,Северо-Западный,9.0,30.0,14.0,54.0,17.0,63.0,11.0,40.0,187.0
Краснознаменск,Московская область,Центральный,9.0,30.0,14.0,54.0,17.0,63.0,11.0,40.0,187.0
Краснокаменск,Забайкальский край,Сибирский,9.0,33.0,14.0,52.0,16.0,59.0,11.0,41.0,185.0
Краснокамск,Пермский край,Приволжский,8.0,29.0,15.0,55.0,17.0,65.0,11.0,39.0,188.0
Красноперекопскне призн.,Крым,Южный,0.0,0.0,0.0,0.0,0.0,0.0,0.0,0.0,0.0
Краснослободск,Волгоградская область,Южный,9.0,34.0,14.0,52.0,16.0,59.0,11.0,41.0,186.0
Краснослободск,Мордовия,Приволжский,9.0,34.0,14.0,52.0,16.0,59.0,11.0,41.0,186.0
Краснотурьинск,Свердловская область,Уральский,8.0,27.0,15.0,55.0,18.0,66.0,11.0,39.0,187.0
Красноуральск,Свердловская область,Уральский,8.0,28.0,15.0,55.0,17.0,65.0,11.0,39.0,187.0
Красноуфимск,Свердловская область,Уральский,8.0,30.0,15.0,54.0,17.0,63.0,11.0,39.0,186.0
Красноярск,Красноярский край,Сибирский,8.0,30.0,14.0,54.0,17.0,63.0,11.0,40.0,187.0
Красный Кут,Саратовская область,Приволжский,9.0,32.294117647058826,14.0,52.88235294117647,16.0,60.1764705882353,11.0,40.1764705882353,185.5294117647059
Красный Сулин,Ростовская область,Южный,10.0,34.0,14.0,52.0,16.0,58.0,11.0,41.0,185.0
Красный Холм,Тверская область,Центральный,8.0,29.0,15.0,55.0,17.0,65.0,11.0,39.0,188.0
Кремёнки,Калужская область,Центральный,9.0,31.0,14.0,54.0,17.0,62.0,11.0,40.0,187.0
Кропоткин,Краснодарский край,Южный,10.0,35.0,14.0,51.0,15.0,57.0,11.0,41.0,184.0
Крымск,Краснодарский край,Южный,10.0,35.0,14.0,51.0,15.0,57.0,11.0,42.0,185.0
Кстово,Нижегородская область,Приволжский,8.0,30.0,15.0,54.0,17.0,63.0,11.0,40.0,187.0
Кубинка,Московская область,Центральный,9.0,30.0,14.0,54.0,17.0,63.0,11.0,40.0,187.0
Кувандык,Оренбургская область,Приволжский,9.0,33.0,14.0,53.0,16.0,60.0,11.0,40.0,186.0
Кувшиново,Тверская область,Центральный,8.0,29.0,15.0,54.0,17.0,64.0,11.0,39.0,186.0
Кудрово,Ленинградская область,Северо-Западный,7.935483870967742,27.741935483870968,14.935483870967742,55.064516129032256,17.774193548387096,65.93548387096774,10.870967741935484,38.74193548387097,187.48387096774195
Кудымкар,Пермский край,Приволжский,8.0,28.0,15.0,55.0,18.0,66.0,11.0,39.0,188.0
Кузнецк,Пензенская область,Приволжский,9.0,32.0,14.0,53.0,16.0,61.0,11.0,40.0,186.0
Куйбышев,Новосибирская область,Сибирский,9.0,30.0,14.0,54.0,17.0,63.0,11.0,40.0,187.0
Кукмор,Татарстан,Приволжский,8.0,30.0,15.0,54.0,17.0,63.0,11.0,40.0,187.0
Кулебаки,Нижегородская область,Приволжский,9.0,30.0,14.0,54.0,17.0,63.0,11.0,40.0,187.0
Кумертау,Башкортостан,Приволжский,9.0,32.0,14.0,53.0,16.0,61.0,11.0,40.0,186.0
Кунгур,Пермский край,Приволжский,8.0,29.0,15.0,54.0,17.0,64.0,11.0,39.0,186.0
Купино,Новосибирская область,Сибирский,9.0,31.0,14.0,53.0,17.0,62.0,11.0,40.0,186.0
Курган,Курганская область,Уральский,9.0,30.0,14.0,54.0,17.0,63.0,11.0,40.0,187.0
Курганинск,Краснодарский край,Южный,10.0,35.0,14.0,51.0,15.0,57.0,11.0,42.0,185.0
Курильск,Сахалинская область,Дальневосточный,10.0,35.0,14.0,51.0,15.0,57.0,11.0,42.0,185.0
Курлово,Владимирская область,Центральный,9.0,30.0,14.0,54.0,17.0,63.0,11.0,40.0,187.0
Куровское,Московская область,Центральный,9.0,30.0,14.0,54.0,17.0,63.0,11.0,40.0,187.0
Курск,Курская область,Центральный,9.0,32.0,14.0,53.0,16.0,60.0,11.0,40.0,185.0
Куртамыш,Курганская область,Уральский,9.0,31.0,14.0,54.0,17.0,62.0,11.0,40.0,187.0
Курчалой,Чечня,Северо-Кавказский,10.0,36.0,14.0,51.0,15.0,56.0,11.0,42.0,185.0
Курчатов,Курская область,Центральный,9.0,32.0,14.0,53.0,16.0,60.0,11.0,40.0,185.0
Куса,Челябинская область,Уральский,9.0,30.0,14.0,54.0,17.0,63.0,11.0,40.0,187.0
Кушва,Свердловская область,Уральский,8.0,29.0,15.0,55.0,17.0,65.0,11.0,39.0,188.0
Кызыл,Тыва,Сибирский,9.0,32.0,14.0,53.0,16.0,60.0,11.0,40.0,185.0
Кыштым,Челябинская область,Уральский,9.0,30.0,14.0,54.0,17.0,63.0,11.0,40.0,187.0
Кяхта,Бурятия,Сибирский,9.0,33.0,14.0,52.0,16.0,59.0,11.0,41.0,185.0
Лабинск,Краснодарский край,Южный,10.0,35.0,14.0,51.0,15.0,57.0,11.0,42.0,185.0
Лабытнанги,Ямало-Ненецкий АО,Уральский,6.5,22.75,15.5,57.75,19.5,72.5,10.0,37.0,190.0
Лагань,Калмыкия,Южный,10.0,35.0,14.0,51.0,15.0,57.0,11.0,41.0,184.0
Ладушкин,Калининградская область,Северо-Западный,9.0,31.0,14.0,53.0,17.0,62.0,11.0,40.0,186.0
Лаишево,Татарстан,Приволжский,9.0,30.0,14.0,54.0,17.0,63.0,11.0,40.0,187.0
Лакинск,Владимирская область,Центральный,8.0,30.0,14.0,54.0,17.0,63.0,11.0,40.0,187.0
Лангепас,Ханты-Мансийский АО,Уральский,7.0,26.0,15.0,56.0,18.0,68.0,10.0,38.0,188.0
Лахденпохья,Карелия,Северо-Западный,7.0,26.0,15.0,56.0,18.0,68.0,10.0,38.0,188.0
Лебедянь,Липецкая область,Центральный,9.0,32.0,14.0,53.0,16.0,61.0,11.0,40.0,186.0
Лениногорск,Татарстан,Приволжский,9.0,31.0,14.0,53.0,17.0,62.0,11.0,40.0,186.0
Ленинск,Волгоградская область,Южный,9.0,31.0,14.0,53.0,17.0,62.0,11.0,40.0,186.0
Ленинск-Кузнецкий,Кемеровская область,Сибирский,9.0,31.0,14.0,53.0,17.0,62.0,11.0,40.0,186.0
Ленск,Якутия,Дальневосточный,7.0,26.0,15.0,56.0,18.0,67.0,11.0,38.0,187.0
Лермонтов,Ставропольский край,Северо-Кавказский,10.0,35.0,14.0,51.0,15.0,57.0,11.0,42.0,185.0
Лесной,Свердловская область,Уральский,8.0,29.0,15.0,54.0,17.0,64.0,11.0,39.0,186.0
Лесозаводск,Приморский край,Дальневосточный,10.0,35.0,14.0,51.0,15.0,57.0,11.0,42.0,185.0
Лесосибирск,Красноярский край,Сибирский,8.0,29.0,15.0,55.0,17.0,65.0,11.0,39.0,188.0
Ливны,Орловская область,Центральный,9.0,32.0,14.0,53.0,16.0,61.0,11.0,40.0,186.0
Ликино-Дулёво,Московская область,Центральный,9.0,30.0,14.0,54.0,17.0,63.0,11.0,40.0,187.0
Липецк,Липецкая область,Центральный,9.0,32.0,14.0,53.0,16.0,61.0,11.0,40.0,186.0
Липки,Тульская область,Центральный,9.0,31.055555555555557,14.0,53.05555555555556,16.77777777777778,61.77777777777778,11.0,40.0,185.88888888888889
Лиски,Воронежская область,Центральный,9.0,33.0,14.0,52.0,16.0,60.0,11.0,41.0,186.0
Лихославль,Тверская область,Центральный,8.0,29.0,15.0,54.0,17.0,64.0,11.0,39.0,186.0
Лобня,Московская область,Центральный,8.0,30.0,14.0,54.0,17.0,63.0,11.0,40.0,187.0
Лодейное Поле,Ленинградская область,Северо-Западный,7.0,27.0,15.0,56.0,18.0,67.0,11.0,38.0,188.0
Лосино-Петровский,Московская область,Центральный,9.0,30.0,14.0,54.0,17.0,63.0,11.0,40.0,187.0
Луга,Ленинградская область,Северо-Западный,8.0,28.0,15.0,55.0,17.0,65.0,11.0,39.0,187.0
Луза,Кировская область,Приволжский,8.0,27.0,15.0,56.0,18.0,67.0,11.0,38.0,188.0
Лукоянов,Нижегородская область,Приволжский,9.0,31.0,14.0,54.0,17.0,62.0,11.0,40.0,187.0
Луховицы,Московская область,Центральный,9.0,31.0,14.0,54.0,17.0,62.0,11.0,40.0,187.0
Лысково,Нижегородская область,Приволжский,8.0,30.0,14.0,54.0,17.0,63.0,11.0,40.0,187.0
Лысьва,Пермский край,Приволжский,8.0,29.0,15.0,55.0,17.0,65.0,11.0,39.0,188.0
Лыткарино,Московская область,Центральный,9.0,30.0,14.0,54.0,17.0,63.0,11.0,40.0,187.0
Льгов,Курская область,Центральный,9.0,32.0,14.0,53.0,16.0,60.0,11.0,40.0,185.0
Любань,Ленинградская область,Северо-Западный,8.0,28.0,15.0,55.0,18.0,66.0,11.0,39.0,188.0
Люберцы,Московская область,Центральный,9.0,30.0,14.0,54.0,17.0,63.0,11.0,40.0,187.0
Любим,Ярославская область,Центральный,8.0,28.0,15.0,55.0,17.0,65.0,11.0,39.0,187.0
Людиново,Калужская область,Центральный,9.0,31.0,14.0,53.0,16.0,62.0,11.0,40.0,186.0
Лянтор,Ханты-Мансийский АО,Уральский,7.0,26.0,15.0,56.0,18.0,69.0,10.0,38.0,189.0
Магадан,Магаданская область,Дальневосточный,8.0,27.0,15.0,55.0,18.0,66.0,11.0,39.0,187.0
Магас,Ингушетия,Северо-Кавказский,10.0,36.0,14.0,51.0,15.0,56.0,11.0,42.0,185.0
Магнитогорск,Челябинская область,Уральский,9.0,32.0,14.0,53.0,16.0,61.0,11.0,40.0,186.0
Майкоп,Адыгея,Южный,10.0,35.0,14.0,51.0,15.0,57.0,11.0,42.0,185.0
Майский,Кабардино-Балкария,Северо-Кавказский,10.0,34.0,14.0,52.0,16.0,58.0,11.0,41.0,185.0
Макаров,Сахалинская область,Дальневосточный,9.0,34.0,14.0,52.0,16.0,59.0,11.0,41.0,186.0
Макарьев,Костромская область,Центральный,8.0,29.0,15.0,55.0,17.0,65.0,11.0,39.0,188.0
Макушино,Курганская область,Уральский,9.0,31.0,14.0,54.0,17.0,62.0,11.0,40.0,187.0
Малая Вишера,Новгородская область,Северо-Западный,8.0,28.0,15.0,55.0,18.0,65.0,11.0,39.0,187.0
Малгобек,Ингушетия,Северо-Кавказский,10.0,36.0,14.0,51.0,15.0,56.0,11.0,42.0,185.0
Малмыж,Кировская область,Приволжский,8.0,30.0,15.0,54.0,17.0,63.0,11.0,39.0,186.0
Малоархангельск,Орловская область,Центральный,9.0,32.0,14.0,53.0,16.0,61.0,11.0,40.0,186.0
Малоярославец,Калужская область,Центральный,9.0,31.0,14.0,54.0,17.0,62.0,11.0,40.0,187.0
Мамадыш,Татарстан,Приволжский,9.0,30.0,14.0,54.0,17.0,63.0,11.0,40.0,187.0
Мамоново,Калининградская область,Северо-Западный,9.0,31.0,14.0,53.0,17.0,62.0,11.0,40.0,186.0
Мантурово,Костромская область,Центральный,8.0,28.0,15.0,55.0,17.0,65.0,11.0,39.0,187.0
Мариинск,Кемеровская область,Сибирский,8.0,30.0,15.0,54.0,17.0,63.0,11.0,40.0,187.0
Мариинский Посад,Чувашия,Приволжский,8.0,30.0,15.0,54.0,17.0,63.0,11.0,40.0,187.0
Маркс,Саратовская область,Приволжский,9.0,32.0,14.0,53.0,16.0,60.0,11.0,40.0,185.0
Махачкала,Дагестан,Северо-Кавказский,10.0,36.0,14.0,51.0,15.0,56.0,11.0,42.0,185.0
Мглин,Брянская область,Центральный,9.0,32.0,14.0,53.0,16.0,61.0,11.0,40.0,186.0
Мегион,Ханты-Мансийский АО,Уральский,7.0,26.0,15.0,56.0,18.0,68.0,10.0,38.0,188.0
Медвежьегорск,Карелия,Северо-Западный,7.0,24.0,15.0,57.0,19.0,70.0,10.0,37.0,188.0
Медногорск,Оренбургская область,Приволжский,9.0,33.0,14.0,53.0,16.0,60.0,11.0,41.0,187.0
Медынь,Калужская область,Центральный,9.0,31.0,14.0,54.0,17.0,62.0,11.0,40.0,187.0
Межгорье,Башкортостан,Приволжский,8.9,31.15,14.1,53.2,16.6,61.75,11.0,40.0,186.1
Междуреченск,Кемеровская область,Сибирский,9.0,31.0,14.0,53.0,16.0,61.0,11.0,40.0,185.0
Мезень,Архангельская область,Северо-Западный,6.75,24.583333333333332,15.25,56.833333333333336,18.666666666666668,70.08333333333333,10.0,37.666666666666664,189.16666666666666
Меленки,Владимирская область,Центральный,9.0,30.0,14.0,54.0,17.0,63.0,11.0,40.0,187.0
Мелеуз,Башкортостан,Приволжский,9.0,32.0,14.0,53.0,16.0,61.0,11.0,40.0,186.0
Менделеевск,Татарстан,Приволжский,9.0,30.0,14.0,54.0,17.0,63.0,11.0,40.0,187.0
Мензелинск,Татарстан,Приволжский,9.0,30.0,14.0,54.0,17.0,63.0,11.0,40.0,187.0
Мещовск,Калужская область,Центральный,9.0,31.0,14.0,53.0,17.0,62.0,11.0,40.0,186.0
Миасс,Челябинская область,Уральский,9.0,31.0,14.0,54.0,17.0,62.0,11.0,40.0,187.0
Микунь,Коми,Северо-Западный,7.0,25.0,15.0,57.0,19.0,70.0,10.0,38.0,190.0
Миллерово,Ростовская область,Южный,9.0,34.0,14.0,52.0,16.0,59.0,11.0,41.0,186.0
Минеральные Воды,Ставропольский край,Северо-Кавказский,10.0,35.0,14.0,51.0,15.0,57.0,11.0,42.0,185.0
Минусинск,Красноярский край,Сибирский,9.0,31.0,14.0,53.0,16.0,61.0,11.0,40.0,185.0
Миньяр,Челябинская область,Уральский,8.89655172413793,30.79310344827586,14.0,53.724137931034484,16.93103448275862,62.206896551724135,11.0,40.0,186.72413793103448
Мирный,Якутия,Дальневосточный,7.0,25.0,15.0,57.0,19.0,70.0,10.0,38.0,190.0
Мирный,Архангельская область,Северо-Западный,7.0,25.0,15.0,57.0,19.0,70.0,10.0,38.0,190.0
Михайлов,Рязанская область,Центральный,10.0,35.0,14.0,51.0,15.0,57.0,11.0,42.0,185.0
Михайловка,Волгоградская область,Южный,9.0,33.0,14.0,52.0,16.0,59.0,11.0,41.0,185.0
Михайловск,Свердловская область,Уральский,10.0,35.0,14.0,51.0,15.0,57.0,11.0,42.0,185.0
Михайловск,Ставропольский край,Северо-Кавказский,10.0,35.0,14.0,51.0,15.0,57.0,11.0,42.0,185.0
Мичуринск,Тамбовская область,Центральный,9.0,32.0,14.0,53.0,16.0,61.0,11.0,40.0,186.0
Могоча,Забайкальский край,Сибирский,9.0,31.0,14.0,53.0,16.0,61.0,11.0,40.0,185.0
Можайск,Московская область,Центральный,9.0,30.0,14.0,54.0,17.0,63.0,11.0,40.0,187.0
Можга,Удмуртия,Приволжский,8.0,30.0,15.0,54.0,17.0,63.0,11.0,39.0,186.0
Моздок,Северная Осетия,Северо-Кавказский,10.0,36.0,14.0,51.0,15.0,56.0,11.0,42.0,185.0
Мончегорск,Мурманская область,Северо-Западный,0.0,0.0,0.0,0.0,0.0,0.0,0.0,0.0,0.0
Морозовск,Ростовская область,Южный,9.0,34.0,14.0,52.0,16.0,58.0,11.0,41.0,185.0
Моршанск,Тамбовская область,Центральный,9.0,32.0,14.0,53.0,16.0,61.0,11.0,40.0,186.0
Мосальск,Калужская область,Центральный,9.0,31.0,14.0,53.0,17.0,62.0,11.0,40.0,186.0
Москва,Москва,Центральный,9.0,30.0,14.0,54.0,17.0,63.0,11.0,40.0,187.0
Муравленко,Ямало-Ненецкий АО,Уральский,7.0,23.0,15.0,58.0,19.0,72.0,10.0,37.0,190.0
Мураши,Кировская область,Приволжский,8.0,28.0,15.0,55.0,18.0,66.0,11.0,39.0,188.0
Мурино,Ленинградская область,Северо-Западный,8.0,27.0,15.0,56.0,18.0,67.0,11.0,38.0,188.0
Мурманск,Мурманская область,Северо-Западный,0.0,0.0,0.0,0.0,0.0,0.0,0.0,0.0,0.0
Муром,Владимирская область,Центральный,9.0,30.0,14.0,54.0,17.0,63.0,11.0,40.0,187.0
Мценск,Орловская область,Центральный,9.0,32.0,14.0,53.0,16.0,61.0,11.0,40.0,186.0
Мыски,Кемеровская область,Сибирский,9.0,31.0,14.0,53.0,16.0,61.0,11.0,40.0,185.0
Мытищи,Московская область,Центральный,9.0,30.0,14.0,54.0,17.0,63.0,11.0,40.0,187.0
Мышкин,Ярославская область,Центральный,8.0,29.0,15.0,55.0,17.0,64.0,11.0,39.0,187.0
Набережные Челны,Татарстан,Приволжский,9.0,30.0,14.0,54.0,17.0,63.0,11.0,40.0,187.0
Навашино,Нижегородская область,Приволжский,9.0,30.0,14.0,54.0,17.0,63.0,11.0,40.0,187.0
Наволоки,Ивановская область,Центральный,8.0,29.0,15.0,54.0,17.0,64.0,11.0,39.0,186.0
Надым,Ямало-Ненецкий АО,Уральский,6.5,22.75,15.5,57.75,19.5,72.5,10.0,37.0,190.0
Назарово,Красноярский край,Сибирский,8.0,30.0,14.0,54.0,17.0,63.0,11.0,40.0,187.0
Назрань,Ингушетия,Северо-Кавказский,10.0,36.0,14.0,51.0,15.0,56.0,11.0,42.0,185.0
Называевск,Омская область,Сибирский,9.0,30.0,14.0,54.0,17.0,63.0,11.0,40.0,187.0
Нальчик,Кабардино-Балкария,Северо-Кавказский,10.0,36.0,14.0,51.0,15.0,56.0,11.0,42.0,185.0
Нариманов,Астраханская область,Южный,10.0,35.0,14.0,51.0,15.0,58.0,11.0,41.0,185.0
Наро-Фоминск,Московская область,Центральный,9.0,30.0,14.0,54.0,17.0,63.0,11.0,40.0,187.0
Нарткала,Кабардино-Балкария,Северо-Кавказский,10.0,36.0,14.0,51.0,15.0,56.0,11.0,42.0,185.0
Нарьян-Мар,Ненецкий АО,Северо-Западный,0.0,0.0,0.0,0.0,0.0,0.0,0.0,0.0,0.0
Находка,Приморский край,Дальневосточный,10.0,36.0,14.0,51.0,15.0,56.0,11.0,42.0,185.0
Невель,Псковская область,Северо-Западный,8.0,30.0,14.0,54.0,17.0,63.0,11.0,40.0,187.0
Невельск,Сахалинская область,Дальневосточный,10.0,35.0,14.0,51.0,15.0,58.0,11.0,41.0,185.0
Невинномысск,Ставропольский край,Северо-Кавказский,10.0,35.0,14.0,51.0,15.0,57.0,11.0,42.0,185.0
Невьянск,Свердловская область,Уральский,8.0,29.0,15.0,54.0,17.0,64.0,11.0,39.0,186.0
Нелидово,Тверская область,Центральный,8.0,30.0,15.0,54.0,17.0,63.0,11.0,39.0,186.0
Неман,Калининградская область,Северо-Западный,9.0,31.0,14.0,54.0,17.0,62.0,11.0,40.0,187.0
Нерехта,Костромская область,Центральный,8.0,29.0,15.0,54.0,17.0,64.0,11.0,39.0,186.0
Нерчинск,Забайкальский край,Сибирский,9.0,32.0,14.0,53.0,16.0,60.0,11.0,40.0,185.0
Нерюнгри,Якутия,Дальневосточный,8.0,30.0,15.0,54.0,17.0,64.0,11.0,39.0,187.0
Нестеров,Калининградская область,Северо-Западный,10.0,36.0,14.0,51.0,15.0,56.0,11.0,42.0,185.0
Нефтегорск,Самарская область,Приволжский,9.0,32.0,14.0,53.0,16.0,61.0,11.0,40.0,186.0
Нефтекамск,Башкортостан,Приволжский,8.0,30.0,15.0,54.0,17.0,63.0,11.0,40.0,187.0
Нефтекумск,Ставропольский край,Северо-Кавказский,10.0,35.0,14.0,51.0,15.0,57.0,11.0,42.0,185.0
Нефтеюганск,Ханты-Мансийский АО,Уральский,7.0,26.0,15.0,56.0,18.0,68.0,10.0,38.0,188.0
Нея,Костромская область,Центральный,8.0,29.0,15.0,55.0,17.0,65.0,11.0,39.0,188.0
Нижневартовск,Ханты-Мансийский АО,Уральский,7.0,26.0,15.0,56.0,18.0,68.0,11.0,38.0,188.0
Нижнекамск,Татарстан,Приволжский,9.0,30.0,14.0,54.0,17.0,63.0,11.0,40.0,187.0
Нижнеудинск,Иркутская область,Сибирский,9.0,31.0,14.0,54.0,17.0,62.0,11.0,40.0,187.0
Нижние Серги,Свердловская область,Уральский,8.0,30.0,15.0,54.0,17.0,64.0,11.0,39.0,187.0
Нижний Ломов,Пензенская область,Приволжский,9.0,31.0,14.0,53.0,16.0,61.0,11.0,40.0,185.0
Нижний Новгород,Нижегородская область,Приволжский,8.0,30.0,15.0,54.0,17.0,63.0,11.0,39.0,186.0
Нижний Тагил,Свердловская область,Уральский,8.0,29.0,15.0,55.0,17.0,65.0,11.0,39.0,188.0
Нижняя Салда,Свердловская область,Уральский,8.0,29.0,15.0,55.0,17.0,65.0,11.0,39.0,188.0
Нижняя Тура,Свердловская область,Уральский,8.0,28.0,15.0,55.0,17.0,65.0,11.0,39.0,187.0
Николаевск,Волгоградская область,Южный,9.0,32.0,14.0,53.0,16.0,61.0,11.0,40.0,186.0
Николаевск-на-Амуре,Хабаровский край,Дальневосточный,9.0,32.0,14.0,53.0,16.0,61.0,11.0,40.0,186.0
Никольск,Вологодская область,Северо-Западный,9.0,31.0,14.0,53.0,16.0,61.0,11.0,40.0,185.0
Никольск,Пензенская область,Приволжский,9.0,31.0,14.0,53.0,16.0,61.0,11.0,40.0,185.0
Никольское,Ленинградская область,Северо-Западный,8.0,27.0,15.0,55.0,18.0,66.0,11.0,39.0,187.0
Новая Ладога,Ленинградская область,Северо-Западный,8.0,27.0,15.0,56.0,18.0,67.0,11.0,38.0,188.0
Новая Ляля,Свердловская область,Уральский,8.0,28.0,15.0,55.0,18.0,66.0,11.0,39.0,188.0
Новоалександровск,Ставропольский край,Северо-Кавказский,10.0,35.0,14.0,51.0,15.0,57.0,11.0,41.0,184.0
Новоалтайск,Алтайский край,Сибирский,9.0,32.0,14.0,53.0,16.0,61.0,11.0,40.0,186.0
Новоаннинский,Волгоградская область,Южный,9.0,33.0,14.0,52.0,16.0,60.0,11.0,41.0,186.0
Нововоронеж,Воронежская область,Центральный,9.0,33.0,14.0,53.0,16.0,60.0,11.0,41.0,187.0
Новодвинск,Архангельская область,Северо-Западный,6.0,22.0,16.0,58.0,20.0,73.0,10.0,37.0,190.0
Новозыбков,Брянская область,Центральный,9.0,32.0,14.0,53.0,16.0,61.0,11.0,40.0,186.0
Новокубанск,Краснодарский край,Южный,10.0,35.0,14.0,51.0,15.0,57.0,11.0,42.0,185.0
Новокузнецк,Кемеровская область,Сибирский,9.0,31.0,14.0,53.0,16.0,61.0,11.0,40.0,185.0
Новокуйбышевск,Самарская область,Приволжский,9.0,32.0,14.0,53.0,16.0,61.0,11.0,40.0,186.0
Новомичуринск,Рязанская область,Центральный,9.0,31.0,14.0,53.0,17.0,62.0,11.0,40.0,186.0
Новомосковск,Тульская область,Центральный,9.0,31.0,14.0,53.0,17.0,62.0,11.0,40.0,186.0
Новопавловск,Ставропольский край,Северо-Кавказский,10.0,36.0,14.0,51.0,15.0,57.0,11.0,42.0,186.0
Новоржев,Псковская область,Северо-Западный,8.0,29.0,15.0,54.0,17.0,64.0,11.0,39.0,186.0
Новороссийск,Краснодарский край,Южный,10.0,35.0,14.0,51.0,15.0,57.0,11.0,42.0,185.0
Новосибирск,Новосибирская область,Сибирский,9.0,31.0,14.0,54.0,17.0,62.0,11.0,40.0,187.0
Новосиль,Орловская область,Центральный,9.0,32.0,14.0,53.0,16.0,61.0,11.0,40.0,186.0
Новосокольники,Псковская область,Северо-Западный,8.0,30.0,15.0,54.0,17.0,63.0,11.0,39.0,186.0
Новотроицк,Оренбургская область,Приволжский,9.0,33.0,14.0,53.0,16.0,60.0,11.0,41.0,187.0
Новоузенск,Саратовская область,Приволжский,9.0,33.0,14.0,52.0,16.0,60.0,11.0,41.0,186.0
Новоульяновск,Ульяновская область,Приволжский,9.0,31.0,14.0,53.0,17.0,62.0,11.0,40.0,186.0
Новоуральск,Свердловская область,Уральский,8.0,29.0,15.0,54.0,17.0,64.0,11.0,39.0,186.0
Новохопёрск,Воронежская область,Центральный,9.0,33.0,14.0,52.0,16.0,60.0,11.0,41.0,186.0
Новочебоксарск,Чувашия,Приволжский,8.0,30.0,15.0,54.0,17.0,63.0,11.0,40.0,187.0
Новочеркасск,Ростовская область,Южный,10.0,34.0,14.0,52.0,16.0,58.0,11.0,41.0,185.0
Новошахтинск,Ростовская область,Южный,10.0,34.0,14.0,52.0,16.0,58.0,11.0,41.0,185.0
Новый Оскол,Белгородская область,Центральный,9.0,33.0,14.0,52.0,16.0,60.0,11.0,41.0,186.0
Новый Уренгой,Ямало-Ненецкий АО,Уральский,6.5,22.75,15.5,57.75,19.5,72.5,10.0,37.0,190.0
Ногинск,Московская область,Центральный,9.0,30.0,14.0,54.0,17.0,63.0,11.0,40.0,187.0
Нолинск,Кировская область,Приволжский,8.0,29.0,15.0,54.0,17.0,64.0,11.0,39.0,186.0
Норильск,Красноярский край,Сибирский,8.31578947368421,29.842105263157894,14.421052631578947,54.05263157894737,16.894736842105264,63.1578947368421,11.0,39.78947368421053,186.8421052631579
Ноябрьск,Ямало-Ненецкий АО,Уральский,7.0,24.0,15.0,57.0,19.0,71.0,10.0,37.0,189.0
Нурлат,Татарстан,Приволжский,9.0,31.0,14.0,53.0,17.0,62.0,11.0,40.0,186.0
Нытва,Пермский край,Приволжский,8.0,29.0,15.0,55.0,17.0,65.0,11.0,39.0,188.0
Нюрба,Якутия,Дальневосточный,7.0,24.0,15.0,57.0,19.0,71.0,10.0,37.0,189.0
Нягань,Ханты-Мансийский АО,Уральский,7.0,25.0,15.0,57.0,18.0,69.0,10.0,38.0,189.0
Нязепетровск,Челябинская область,Уральский,8.0,30.0,14.0,54.0,17.0,63.0,11.0,40.0,187.0
Няндома,Архангельская область,Северо-Западный,7.0,26.0,15.0,56.0,18.0,69.0,10.0,38.0,189.0
Облучье,Еврейская АО,Дальневосточный,9.0,34.0,14.0,52.0,16.0,59.0,11.0,41.0,186.0
Обнинск,Калужская область,Центральный,9.0,31.0,14.0,54.0,17.0,62.0,11.0,40.0,187.0
Обоянь,Курская область,Центральный,9.0,33.0,14.0,53.0,16.0,60.0,11.0,41.0,187.0
Обь,Новосибирская область,Сибирский,9.0,31.0,14.0,54.0,17.0,62.0,11.0,40.0,187.0
Одинцово,Московская область,Центральный,9.0,30.0,14.0,54.0,17.0,63.0,11.0,40.0,187.0
Озёрск,Калининградская область,Северо-Западный,9.0,30.0,14.0,54.0,17.0,63.0,11.0,40.0,187.0
Озёрск,Челябинская область,Уральский,9.0,30.0,14.0,54.0,17.0,63.0,11.0,40.0,187.0
Озёры,Московская область,Центральный,9.0,31.0,14.0,54.0,17.0,62.0,11.0,40.0,187.0
Октябрьск,Самарская область,Приволжский,9.0,31.0,14.0,53.0,17.0,62.0,11.0,40.0,186.0
Октябрьский,Башкортостан,Приволжский,9.0,31.0,14.0,53.0,17.0,62.0,11.0,40.0,186.0
Окуловка,Новгородская область,Северо-Западный,8.0,28.0,15.0,55.0,17.0,65.0,11.0,39.0,187.0
Олёкминск,Якутия,Дальневосточный,8.0,27.0,15.0,56.0,18.0,67.0,11.0,38.0,188.0
Оленегорск,Мурманская область,Северо-Западный,0.0,0.0,0.0,0.0,0.0,0.0,0.0,0.0,0.0
Олонец,Карелия,Северо-Западный,7.0,26.0,15.0,56.0,18.0,68.0,10.0,38.0,188.0
Омск,Омская область,Сибирский,9.0,31.0,14.0,54.0,17.0,62.0,11.0,40.0,187.0
Омутнинск,Кировская область,Приволжский,8.0,28.0,15.0,55.0,17.0,65.0,11.0,39.0,187.0
Онега,Архангельская область,Северо-Западный,7.0,23.0,15.0,58.0,19.0,72.0,10.0,37.0,190.0
Опочка,Псковская область,Северо-Западный,8.0,30.0,15.0,54.0,17.0,64.0,11.0,39.0,187.0
Орёл,Орловская область,Центральный,9.0,32.0,14.0,53.0,16.0,61.0,11.0,40.0,186.0
Оренбург,Оренбургская область,Приволжский,9.0,32.0,14.0,53.0,16.0,60.0,11.0,40.0,185.0
Орехово-Зуево,Московская область,Центральный,9.0,30.0,14.0,54.0,17.0,63.0,11.0,40.0,187.0
Орлов,Кировская область,Приволжский,10.0,34.0,14.0,52.0,15.0,58.0,11.0,41.0,185.0
Орск,Оренбургская область,Приволжский,9.0,33.0,14.0,53.0,16.0,60.0,11.0,41.0,187.0
Оса,Пермский край,Приволжский,8.0,29.0,15.0,54.0,17.0,64.0,11.0,39.0,186.0
Осинники,Кемеровская область,Сибирский,9.0,31.0,14.0,53.0,16.0,61.0,11.0,40.0,185.0
Осташков,Тверская область,Центральный,8.0,29.0,15.0,54.0,17.0,64.0,11.0,39.0,186.0
Остров,Псковская область,Северо-Западный,8.0,29.0,15.0,54.0,17.0,64.0,11.0,39.0,186.0
Островной,Мурманская область,Северо-Западный,0.0,0.0,0.0,0.0,0.0,0.0,0.0,0.0,0.0
Острогожск,Воронежская область,Центральный,9.0,33.0,14.0,52.0,16.0,60.0,11.0,41.0,186.0
Отрадное,Ленинградская область,Северо-Западный,8.0,27.0,15.0,55.0,18.0,66.0,11.0,39.0,187.0
Отрадный,Самарская область,Приволжский,9.0,32.0,14.0,53.0,16.0,61.0,11.0,40.0,186.0
Оха,Сахалинская область,Дальневосточный,9.0,31.0,14.0,53.0,16.0,61.0,11.0,40.0,185.0
Оханск,Пермский край,Приволжский,8.0,29.0,15.0,55.0,17.0,64.0,11.0,39.0,187.0
Очёр,Пермский край,Приволжский,8.0,29.0,15.0,55.0,17.0,65.0,11.0,39.0,188.0
Павлово,Нижегородская область,Приволжский,9.0,30.0,14.0,54.0,17.0,63.0,11.0,40.0,187.0
Павловск,Воронежская область,Центральный,9.0,30.0,14.0,54.0,17.0,63.0,11.0,40.0,187.0
Павловский Посад,Московская область,Центральный,9.0,30.0,14.0,54.0,17.0,63.0,11.0,40.0,187.0
Палласовка,Волгоградская область,Южный,9.0,33.0,14.0,52.0,16.0,59.0,11.0,41.0,185.0
Партизанск,Приморский край,Дальневосточный,10.0,36.0,14.0,51.0,15.0,56.0,11.0,42.0,185.0
Певек,Чукотский АО,Дальневосточный,6.0,22.0,16.0,58.0,20.0,74.0,10.0,37.0,191.0
Пенза,Пензенская область,Приволжский,9.0,32.0,14.0,53.0,16.0,61.0,11.0,40.0,186.0
Первомайск,Нижегородская область,Приволжский,9.0,31.0,14.0,54.0,17.0,62.0,11.0,40.0,187.0
Первоуральск,Свердловская область,Уральский,8.0,29.0,15.0,54.0,17.0,64.0,11.0,39.0,186.0
Перевоз,Нижегородская область,Приволжский,9.0,30.0,14.0,54.0,17.0,63.0,11.0,40.0,187.0
Пересвет,Московская область,Центральный,8.0,30.0,15.0,54.0,17.0,63.0,11.0,39.0,186.0
Переславль-Залесский,Ярославская область,Центральный,8.0,30.0,15.0,54.0,17.0,64.0,11.0,39.0,187.0
Пермь,Пермский край,Приволжский,8.0,29.0,15.0,55.0,17.0,65.0,11.0,39.0,188.0
Пестово,Новгородская область,Северо-Западный,8.0,28.0,15.0,55.0,17.0,65.0,11.0,39.0,187.0
Петров Вал,Волгоградская область,Южный,9.0,33.0,14.0,52.0,16.0,59.0,11.0,41.0,185.0
Петровск,Саратовская область,Приволжский,9.0,32.0,14.0,53.0,16.0,61.0,11.0,40.0,186.0
Петровск-Забайкальский,Забайкальский край,Сибирский,9.0,33.0,14.0,52.0,16.0,60.0,11.0,41.0,186.0
Петрозаводск,Карелия,Северо-Западный,7.0,26.0,15.0,56.0,18.0,69.0,10.0,38.0,189.0
Петропавловск-Камчатский,Камчатский край,Дальневосточный,9.0,32.0,14.0,53.0,16.0,61.0,11.0,40.0,186.0
Петухово,Курганская область,Уральский,9.0,31.0,14.0,54.0,17.0,62.0,11.0,40.0,187.0
Петушки,Владимирская область,Центральный,9.0,30.0,14.0,54.0,17.0,63.0,11.0,40.0,187.0
Печора,Коми,Северо-Западный,6.0,21.0,16.0,59.0,20.0,75.0,10.0,37.0,192.0
Печоры,Псковская область,Северо-Западный,8.0,29.0,15.0,55.0,17.0,64.0,11.0,39.0,187.0
Пикалёво,Ленинградская область,Северо-Западный,8.0,28.0,15.0,55.0,18.0,66.0,11.0,39.0,188.0
Пионерский,Калининградская область,Северо-Западный,9.0,31.0,14.0,54.0,17.0,62.0,11.0,40.0,187.0
Питкяранта,Карелия,Северо-Западный,7.0,26.0,15.0,56.0,18.0,68.0,10.0,38.0,188.0
Плавск,Тульская область,Центральный,9.0,31.0,14.0,53.0,16.0,61.0,11.0,40.0,185.0
Пласт,Челябинская область,Уральский,9.0,31.0,14.0,53.0,17.0,62.0,11.0,40.0,186.0
Плёс,Ивановская область,Центральный,7.0,25.0,15.0,57.0,19.0,70.0,10.0,38.0,190.0
Поворино,Воронежская область,Центральный,9.0,33.0,14.0,53.0,16.0,60.0,11.0,41.0,187.0
Подольск,Московская область,Центральный,9.0,30.0,14.0,54.0,17.0,63.0,11.0,40.0,187.0
Подпорожье,Ленинградская область,Северо-Западный,7.0,26.0,15.0,56.0,18.0,68.0,10.0,38.0,188.0
Покачи,Ханты-Мансийский АО,Уральский,7.0,26.0,15.0,56.0,18.0,69.0,10.0,38.0,189.0
Покров,Владимирская область,Центральный,9.0,30.0,14.0,54.0,17.0,63.0,11.0,40.0,187.0
Покровск,Якутия,Дальневосточный,10.0,34.0,14.0,52.0,16.0,58.0,11.0,41.0,185.0
Полевской,Свердловская область,Уральский,8.0,30.0,15.0,54.0,17.0,63.0,11.0,39.0,186.0
Полесск,Калининградская область,Северо-Западный,9.0,31.0,14.0,54.0,17.0,62.0,11.0,40.0,187.0
Полысаево,Кемеровская область,Сибирский,9.0,31.0,14.0,53.0,17.0,62.0,11.0,40.0,186.0
Полярные Зори,Мурманская область,Северо-Западный,0.0,0.0,0.0,0.0,0.0,0.0,0.0,0.0,0.0
Полярный,Мурманская область,Северо-Западный,0.0,0.0,0.0,0.0,0.0,0.0,0.0,0.0,0.0
Поронайск,Сахалинская область,Дальневосточный,9.0,34.0,14.0,52.0,16.0,59.0,11.0,41.0,186.0
Порхов,Псковская область,Северо-Западный,8.0,29.0,15.0,55.0,17.0,64.0,11.0,39.0,187.0
Похвистнево,Самарская область,Приволжский,9.0,31.0,14.0,53.0,16.0,61.0,11.0,40.0,185.0
Почеп,Брянская область,Центральный,9.0,32.0,14.0,53.0,16.0,61.0,11.0,40.0,186.0
Починок,Смоленская область,Центральный,9.0,31.0,14.0,53.0,17.0,62.0,11.0,40.0,186.0
Пошехонье,Ярославская область,Центральный,8.0,28.0,15.0,55.0,17.0,65.0,11.0,39.0,187.0
Правдинск,Калининградская область,Северо-Западный,8.0,30.0,14.0,54.0,17.0,63.0,11.0,40.0,187.0
Приволжск,Ивановская область,Центральный,9.0,33.0,14.0,53.0,16.0,60.0,11.0,41.0,187.0
Приморск,Калининградская область,Северо-Западный,10.0,35.0,14.0,51.0,15.0,57.0,11.0,41.0,184.0
Приморск,Ленинградская область,Северо-Западный,10.0,35.0,14.0,51.0,15.0,57.0,11.0,41.0,184.0
Приморско-Ахтарск,Краснодарский край,Южный,10.0,35.0,14.0,51.0,15.0,57.0,11.0,41.0,184.0
Приозерск,Ленинградская область,Северо-Западный,7.0,26.0,15.0,56.0,18.0,68.0,10.0,38.0,188.0
Прокопьевск,Кемеровская область,Сибирский,9.0,31.0,14.0,53.0,17.0,62.0,11.0,40.0,186.0
Пролетарск,Ростовская область,Южный,10.0,35.0,14.0,51.0,15.0,58.0,11.0,41.0,185.0
Протвино,Московская область,Центральный,9.0,31.0,14.0,54.0,17.0,62.0,11.0,40.0,187.0
Прохладный,Кабардино-Балкария,Северо-Кавказский,10.0,36.0,14.0,51.0,15.0,56.0,11.0,42.0,185.0
Псков,Псковская область,Северо-Западный,8.0,29.0,15.0,55.0,17.0,64.0,11.0,39.0,187.0
Пугачёв,Саратовская область,Приволжский,9.0,32.0,14.0,53.0,16.0,60.0,11.0,40.0,185.0
Пудож,Карелия,Северо-Западный,7.0,25.0,15.0,56.0,18.0,69.0,10.0,38.0,188.0
Пустошка,Псковская область,Северо-Западный,8.0,30.0,15.0,54.0,17.0,63.0,11.0,39.0,186.0
Пучеж,Ивановская область,Центральный,8.0,29.0,15.0,54.0,17.0,64.0,11.0,39.0,186.0
Пушкино,Московская область,Центральный,8.0,30.0,14.0,54.0,17.0,63.0,11.0,40.0,187.0
Пущино,Московская область,Центральный,9.0,31.0,14.0,54.0,17.0,62.0,11.0,40.0,187.0
Пыталово,Псковская область,Северо-Западный,8.0,29.0,15.0,54.0,17.0,64.0,11.0,39.0,186.0
Пыть-Ях,Ханты-Мансийский АО,Уральский,7.0,26.0,15.0,56.0,18.0,67.0,11.0,38.0,187.0
Пятигорск,Ставропольский край,Северо-Кавказский,10.0,36.0,14.0,51.0,15.0,57.0,11.0,42.0,186.0
Радужный,Владимирская область,Центральный,7.0,25.0,15.0,56.0,18.0,69.0,10.0,38.0,188.0
Радужный,Ханты-Мансийский АО,Уральский,7.0,25.0,15.0,56.0,18.0,69.0,10.0,38.0,188.0
Райчихинск,Амурская область,Дальневосточный,9.0,33.0,14.0,52.0,16.0,59.0,11.0,41.0,185.0
Раменское,Московская область,Центральный,9.0,30.0,14.0,54.0,17.0,63.0,11.0,40.0,187.0
Рассказово,Тамбовская область,Центральный,9.0,32.0,14.0,53.0,16.0,61.0,11.0,40.0,186.0
Ревда,Свердловская область,Уральский,8.0,30.0,15.0,54.0,17.0,64.0,11.0,39.0,187.0
Реж,Свердловская область,Уральский,8.0,29.0,15.0,54.0,17.0,64.0,11.0,39.0,186.0
Реутов,Московская область,Центральный,9.0,30.0,14.0,54.0,17.0,63.0,11.0,40.0,187.0
Ржев,Тверская область,Центральный,8.0,30.0,15.0,54.0,17.0,63.0,11.0,39.0,186.0
Родники,Ивановская область,Центральный,8.0,29.0,15.0,54.0,17.0,64.0,11.0,39.0,186.0
Рославль,Смоленская область,Центральный,9.0,31.0,14.0,53.0,17.0,62.0,11.0,40.0,186.0
Россошь,Воронежская область,Центральный,9.0,33.0,14.0,52.0,16.0,60.0,11.0,41.0,186.0
Ростов-на-Дону,Ростовская область,Южный,10.0,34.0,14.0,52.0,15.0,58.0,11.0,41.0,185.0
Ростов,Ярославская область,Центральный,10.0,34.0,14.0,52.0,15.0,58.0,11.0,41.0,185.0
Рошаль,Московская область,Центральный,9.0,30.0,14.0,54.0,17.0,63.0,11.0,40.0,187.0
Ртищево,Саратовская область,Приволжский,9.0,32.0,14.0,53.0,16.0,61.0,11.0,40.0,186.0
Рубцовск,Алтайский край,Сибирский,9.0,32.0,14.0,53.0,16.0,60.0,11.0,41.0,186.0
Рудня,Смоленская область,Центральный,9.0,31.0,14.0,54.0,17.0,62.0,11.0,40.0,187.0
Руза,Московская область,Центральный,9.0,31.0,14.0,53.0,17.0,62.0,11.0,40.0,186.0
Рузаевка,Мордовия,Приволжский,9.0,31.0,14.0,53.0,17.0,62.0,11.0,40.0,186.0
Рыбинск,Ярославская область,Центральный,8.0,29.0,15.0,55.0,17.0,65.0,11.0,39.0,188.0
Рыбное,Рязанская область,Центральный,9.0,31.0,14.0,54.0,17.0,62.0,11.0,40.0,187.0
Рыльск,Курская область,Центральный,9.0,32.0,14.0,53.0,16.0,60.0,11.0,40.0,185.0
Ряжск,Рязанская область,Центральный,9.0,31.0,14.0,53.0,16.0,61.0,11.0,40.0,185.0
Рязань,Рязанская область,Центральный,9.0,31.0,14.0,53.0,17.0,62.0,11.0,40.0,186.0
Сакине призн.,Крым,Южный,0.0,0.0,0.0,0.0,0.0,0.0,0.0,0.0,0.0
Салават,Башкортостан,Приволжский,9.0,32.0,14.0,53.0,16.0,61.0,11.0,40.0,186.0
Салаир,Кемеровская область,Сибирский,9.0,31.0,14.0,53.0,17.0,62.0,11.0,40.0,186.0
Салехард,Ямало-Ненецкий АО,Уральский,6.5,22.75,15.5,57.75,19.5,72.5,10.0,37.0,190.0
Сальск,Ростовская область,Южный,10.0,35.0,14.0,51.0,15.0,58.0,11.0,41.0,185.0
Самара,Самарская область,Приволжский,9.0,32.0,14.0,53.0,16.0,61.0,11.0,40.0,186.0
Санкт-Петербург,Санкт-Петербург,Северо-Западный,8.0,27.0,15.0,55.0,18.0,67.0,11.0,38.0,187.0
Саранск,Мордовия,Приволжский,9.0,31.0,14.0,53.0,17.0,62.0,11.0,40.0,186.0
Сарапул,Удмуртия,Приволжский,8.0,30.0,15.0,54.0,17.0,63.0,11.0,39.0,186.0
Саратов,Саратовская область,Приволжский,9.0,32.0,14.0,53.0,16.0,60.0,11.0,40.0,185.0
Саров,Нижегородская область,Приволжский,9.0,31.0,14.0,54.0,17.0,62.0,11.0,40.0,187.0
Сасово,Рязанская область,Центральный,9.0,31.0,14.0,53.0,17.0,62.0,11.0,40.0,186.0
Сатка,Челябинская область,Уральский,9.0,31.0,14.0,54.0,17.0,62.0,11.0,40.0,187.0
Сафоново,Смоленская область,Центральный,9.0,31.0,14.0,54.0,17.0,62.0,11.0,40.0,187.0
Саяногорск,Хакасия,Сибирский,9.0,32.0,14.0,53.0,16.0,61.0,11.0,40.0,186.0
Саянск,Иркутская область,Сибирский,9.0,31.0,14.0,53.0,17.0,62.0,11.0,40.0,186.0
Светлогорск,Калининградская область,Северо-Западный,9.0,31.0,14.0,54.0,17.0,62.0,11.0,40.0,187.0
Светлоград,Ставропольский край,Северо-Кавказский,10.0,35.0,14.0,51.0,15.0,57.0,11.0,41.0,184.0
Светлый,Калининградская область,Северо-Западный,9.0,31.0,14.0,54.0,17.0,62.0,11.0,40.0,187.0
Светогорск,Ленинградская область,Северо-Западный,7.0,26.0,15.0,56.0,18.0,68.0,10.0,38.0,188.0
Свирск,Иркутская область,Сибирский,9.0,32.0,14.0,53.0,16.0,61.0,11.0,40.0,186.0
Свободный,Амурская область,Дальневосточный,9.0,33.0,14.0,53.0,16.0,60.0,11.0,41.0,187.0
Себеж,Псковская область,Северо-Западный,8.0,30.0,15.0,54.0,17.0,63.0,11.0,39.0,186.0
Севастопольне призн.,Севастополь,Южный,0.0,0.0,0.0,0.0,0.0,0.0,0.0,0.0,0.0
Северо-Курильск,Сахалинская область,Дальневосточный,9.0,33.0,14.0,52.0,16.0,60.0,11.0,41.0,186.0
Северобайкальск,Бурятия,Сибирский,9.0,30.0,14.0,54.0,17.0,63.0,11.0,40.0,187.0
Северодвинск,Архангельская область,Северо-Западный,6.0,22.0,16.0,58.0,20.0,74.0,10.0,37.0,191.0
Североморск,Мурманская область,Северо-Западный,0.0,0.0,0.0,0.0,0.0,0.0,0.0,0.0,0.0
Североуральск,Свердловская область,Уральский,8.0,27.0,15.0,56.0,18.0,67.0,11.0,38.0,188.0
Северск,Томская область,Сибирский,8.0,30.0,15.0,54.0,17.0,63.0,11.0,39.0,186.0
Севск,Брянская область,Центральный,9.0,32.0,14.0,53.0,16.0,60.0,11.0,40.0,185.0
Сегежа,Карелия,Северо-Западный,7.0,23.0,15.0,58.0,19.0,72.0,10.0,37.0,190.0
Сельцо,Брянская область,Центральный,9.0,32.0,14.0,53.0,16.0,61.0,11.0,40.0,186.0
Семёнов,Нижегородская область,Приволжский,8.0,30.0,15.0,54.0,17.0,64.0,11.0,39.0,187.0
Семикаракорск,Ростовская область,Южный,10.0,34.0,14.0,52.0,16.0,58.0,11.0,41.0,185.0
Семилуки,Воронежская область,Центральный,9.0,32.0,14.0,53.0,16.0,60.0,11.0,40.0,185.0
Сенгилей,Ульяновская область,Приволжский,9.0,31.0,14.0,53.0,17.0,62.0,11.0,40.0,186.0
Серафимович,Волгоградская область,Южный,9.0,33.0,14.0,52.0,16.0,59.0,11.0,41.0,185.0
Сергач,Нижегородская область,Приволжский,9.0,30.0,14.0,54.0,17.0,63.0,11.0,40.0,187.0
Сергиев Посад,Московская область,Центральный,8.0,30.0,15.0,54.0,17.0,63.0,11.0,39.0,186.0
Сердобск,Пензенская область,Приволжский,9.0,32.0,14.0,53.0,16.0,61.0,11.0,40.0,186.0
Серов,Свердловская область,Уральский,8.0,27.0,15.0,55.0,18.0,66.0,11.0,39.0,187.0
Серпухов,Московская область,Центральный,9.0,31.0,14.0,54.0,17.0,62.0,11.0,40.0,187.0
Сертолово,Ленинградская область,Северо-Западный,8.0,27.0,15.0,56.0,18.0,67.0,11.0,38.0,188.0
Сибай,Башкортостан,Приволжский,9.0,32.0,14.0,53.0,16.0,61.0,11.0,40.0,186.0
Сим,Челябинская область,Уральский,9.0,31.0,14.0,54.0,17.0,62.0,11.0,40.0,187.0
Симферопольне призн.,Крым,Южный,0.0,0.0,0.0,0.0,0.0,0.0,0.0,0.0,0.0
Сковородино,Амурская область,Дальневосточный,9.0,31.0,14.0,53.0,17.0,62.0,11.0,40.0,186.0
Скопин,Рязанская область,Центральный,9.0,31.0,14.0,53.0,16.0,61.0,11.0,40.0,185.0
Славгород,Алтайский край,Сибирский,9.0,32.0,14.0,53.0,16.0,61.0,11.0,40.0,186.0
Славск,Калининградская область,Северо-Западный,9.0,31.0,14.0,54.0,17.0,62.0,11.0,40.0,187.0
Славянск-на-Кубани,Краснодарский край,Южный,10.0,35.08,14.0,51.0,15.0,57.0,11.0,41.64,184.71999999999997
Сланцы,Ленинградская область,Северо-Западный,8.0,28.0,15.0,55.0,18.0,66.0,11.0,39.0,188.0
Слободской,Кировская область,Приволжский,8.0,28.0,15.0,55.0,17.0,65.0,11.0,39.0,187.0
Слюдянка,Иркутская область,Сибирский,9.0,32.0,14.0,53.0,16.0,60.0,11.0,40.0,185.0
Смоленск,Смоленская область,Центральный,9.0,31.0,14.0,54.0,17.0,62.0,11.0,40.0,187.0
Снежинск,Челябинская область,Уральский,8.0,30.0,14.0,54.0,17.0,63.0,11.0,40.0,187.0
Снежногорск,Мурманская область,Северо-Западный,0.0,0.0,0.0,0.0,0.0,0.0,0.0,0.0,0.0
Собинка,Владимирская область,Центральный,8.0,30.0,14.0,54.0,17.0,63.0,11.0,40.0,187.0
Советск,Калининградская область,Северо-Западный,9.0,31.0,14.0,54.0,17.0,62.0,11.0,40.0,187.0
Советск,Кировская область,Приволжский,9.0,31.0,14.0,54.0,17.0,62.0,11.0,40.0,187.0
Советск,Тульская область,Центральный,9.0,31.0,14.0,54.0,17.0,62.0,11.0,40.0,187.0
Советская Гавань,Хабаровский край,Дальневосточный,9.0,34.0,14.0,52.0,16.0,59.0,11.0,41.0,186.0
Советский,Ханты-Мансийский АО — Югра,Уральский,7.0,26.0,15.0,56.0,18.0,68.0,10.0,38.0,188.0
Сокол,Вологодская область,Северо-Западный,8.0,28.0,15.0,55.0,18.0,66.0,11.0,39.0,188.0
Солигалич,Костромская область,Центральный,8.0,28.0,15.0,55.0,18.0,66.0,11.0,39.0,188.0
Соликамск,Пермский край,Приволжский,8.0,27.0,15.0,55.0,18.0,66.0,11.0,39.0,187.0
Солнечногорск,Московская область,Центральный,8.0,30.0,15.0,54.0,17.0,63.0,11.0,40.0,187.0
Соль-Илецк,Оренбургская область,Приволжский,9.0,33.0,14.0,52.0,16.0,60.0,11.0,41.0,186.0
Сольвычегодск,Архангельская область,Северо-Западный,7.0,26.0,15.0,56.0,18.0,68.0,10.0,38.0,188.0
Сольцы,Новгородская область,Северо-Западный,8.0,29.0,15.0,55.0,17.0,65.0,11.0,39.0,188.0
Сорочинск,Оренбургская область,Приволжский,9.0,32.0,14.0,53.0,16.0,61.0,11.0,40.0,186.0
Сорск,Хакасия,Сибирский,9.0,31.0,14.0,53.0,17.0,62.0,11.0,40.0,186.0
Сортавала,Карелия,Северо-Западный,7.0,26.0,15.0,56.0,18.0,69.0,10.0,38.0,189.0
Сосенский,Калужская область,Центральный,9.0,31.0,14.0,53.0,17.0,62.0,11.0,40.0,186.0
Сосновка,Кировская область,Приволжский,8.0,30.0,15.0,54.0,17.0,63.0,11.0,39.0,186.0
Сосновоборск,Красноярский край,Сибирский,8.0,30.0,14.0,54.0,17.0,63.0,11.0,40.0,187.0
Сосновый Бор,Ленинградская область,Северо-Западный,8.0,27.0,15.0,55.0,18.0,66.0,11.0,39.0,187.0
Сосногорск,Коми,Северо-Западный,7.0,23.0,15.0,57.0,19.0,72.0,10.0,37.0,189.0
Сочи,Краснодарский край,Южный,10.0,36.0,14.0,51.0,15.0,56.0,11.0,42.0,185.0
Спас-Деменск,Калужская область,Центральный,9.0,31.0,14.0,53.0,17.0,62.0,11.0,40.0,186.0
Спас-Клепики,Рязанская область,Центральный,9.0,31.0,14.0,54.0,17.0,62.0,11.0,40.0,187.0
Спасск,Пензенская область,Приволжский,10.0,35.0,14.0,51.0,15.0,57.0,11.0,42.0,185.0
Спасск-Дальний,Приморский край,Дальневосточный,10.0,35.0,14.0,51.0,15.0,57.0,11.0,42.0,185.0
Спасск-Рязанский,Рязанская область,Центральный,9.0,31.0,14.0,53.0,17.0,62.0,11.0,40.0,186.0
Среднеколымск,Якутия,Дальневосточный,7.7,27.0,14.9,55.5,17.9,66.9,10.6,38.4,187.8
Среднеуральск,Свердловская область,Уральский,8.0,29.0,15.0,54.0,17.0,64.0,11.0,39.0,186.0
Сретенск,Забайкальский край,Сибирский,9.0,32.0,14.0,53.0,16.0,61.0,11.0,40.0,186.0
Ставрополь,Ставропольский край,Северо-Кавказский,10.0,35.0,14.0,51.0,15.0,57.0,11.0,42.0,185.0
Старая Купавна,Московская область,Центральный,9.0,30.0,14.0,54.0,17.0,63.0,11.0,40.0,187.0
Старая Русса,Новгородская область,Северо-Западный,8.0,29.0,15.0,55.0,17.0,65.0,11.0,39.0,188.0
Старица,Тверская область,Центральный,8.0,30.0,15.0,54.0,17.0,63.0,11.0,39.0,186.0
Стародуб,Брянская область,Центральный,9.0,32.0,14.0,53.0,16.0,61.0,11.0,40.0,186.0
Старый Крымне призн.,Крым,Южный,0.0,0.0,0.0,0.0,0.0,0.0,0.0,0.0,0.0
Старый Оскол,Белгородская область,Центральный,9.0,33.0,14.0,53.0,16.0,60.0,11.0,41.0,187.0
Стерлитамак,Башкортостан,Приволжский,9.0,31.0,14.0,53.0,16.0,61.0,11.0,40.0,185.0
Стрежевой,Томская область,Сибирский,7.0,27.0,15.0,56.0,18.0,67.0,11.0,38.0,188.0
Строитель,Белгородская область,Центральный,9.0,33.0,14.0,52.0,16.0,60.0,11.0,41.0,186.0
Струнино,Владимирская область,Центральный,8.0,30.0,15.0,54.0,17.0,63.0,11.0,39.0,186.0
Ступино,Московская область,Центральный,9.0,31.0,14.0,54.0,17.0,62.0,11.0,40.0,187.0
Суворов,Тульская область,Центральный,9.0,31.0,14.0,53.0,17.0,62.0,11.0,40.0,186.0
Судакне призн.,Крым,Южный,0.0,0.0,0.0,0.0,0.0,0.0,0.0,0.0,0.0
Суджа,Курская область,Центральный,9.0,33.0,14.0,53.0,16.0,60.0,11.0,41.0,187.0
Судогда,Владимирская область,Центральный,9.0,30.0,14.0,54.0,17.0,63.0,11.0,40.0,187.0
Суздаль,Владимирская область,Центральный,8.0,30.0,15.0,54.0,17.0,63.0,11.0,39.0,186.0
Сунжа,Ингушетия,Северо-Кавказский,10.0,36.0,14.0,51.0,15.0,56.0,11.0,42.0,185.0
Суоярви,Карелия,Северо-Западный,7.0,25.0,15.0,57.0,18.0,69.0,10.0,38.0,189.0
Сураж,Брянская область,Центральный,9.0,32.0,14.0,53.0,16.0,61.0,11.0,40.0,186.0
Сургут,Ханты-Мансийский АО,Уральский,7.0,26.0,15.0,56.0,18.0,68.0,10.0,38.0,188.0
Суровикино,Волгоградская область,Южный,9.0,34.0,14.0,52.0,16.0,59.0,11.0,41.0,186.0
Сурск,Пензенская область,Приволжский,9.0,32.0,14.0,53.0,16.0,61.0,11.0,40.0,186.0
Сусуман,Магаданская область,Дальневосточный,7.0,24.0,15.0,57.0,19.0,70.0,10.0,38.0,189.0
Сухиничи,Калужская область,Центральный,9.0,31.0,14.0,53.0,17.0,62.0,11.0,40.0,186.0
Сухой Лог,Свердловская область,Уральский,8.0,29.0,15.0,54.0,17.0,64.0,11.0,39.0,186.0
Сызрань,Самарская область,Приволжский,9.0,32.0,14.0,53.0,16.0,61.0,11.0,40.0,186.0
Сыктывкар,Коми,Северо-Западный,7.0,26.0,15.0,56.0,18.0,69.0,10.0,38.0,189.0
Сысерть,Свердловская область,Уральский,8.0,30.0,15.0,54.0,17.0,63.0,11.0,39.0,186.0
Сычёвка,Смоленская область,Центральный,9.0,30.0,14.0,54.0,17.0,63.0,11.0,40.0,187.0
Сясьстрой,Ленинградская область,Северо-Западный,8.0,27.0,15.0,56.0,18.0,67.0,11.0,38.0,188.0
Тавда,Свердловская область,Уральский,8.0,29.0,15.0,55.0,17.0,65.0,11.0,39.0,188.0
Таганрог,Ростовская область,Южный,10.0,34.0,14.0,52.0,15.0,58.0,11.0,41.0,185.0
Тайга,Кемеровская область,Сибирский,8.0,30.0,14.0,54.0,17.0,63.0,11.0,40.0,187.0
Тайшет,Иркутская область,Сибирский,8.0,30.0,14.0,54.0,17.0,63.0,11.0,40.0,187.0
Талдом,Московская область,Центральный,8.0,30.0,15.0,54.0,17.0,64.0,11.0,39.0,187.0
Талица,Свердловская область,Уральский,8.0,29.0,15.0,54.0,17.0,64.0,11.0,39.0,186.0
Тамбов,Тамбовская область,Центральный,9.0,32.0,14.0,53.0,16.0,61.0,11.0,40.0,186.0
Тара,Омская область,Сибирский,8.0,29.0,15.0,54.0,17.0,64.0,11.0,39.0,186.0
Тарко-Сале,Ямало-Ненецкий АО,Уральский,6.0,22.0,16.0,58.0,20.0,74.0,10.0,37.0,191.0
Таруса,Калужская область,Центральный,9.0,31.0,14.0,54.0,17.0,62.0,11.0,40.0,187.0
Татарск,Новосибирская область,Сибирский,9.0,31.0,14.0,54.0,17.0,62.0,11.0,40.0,187.0
Таштагол,Кемеровская область,Сибирский,9.0,32.0,14.0,53.0,16.0,61.0,11.0,40.0,186.0
Тверь,Тверская область,Центральный,8.0,30.0,15.0,54.0,17.0,64.0,11.0,39.0,187.0
Теберда,Карачаево-Черкесия,Северо-Кавказский,10.0,36.0,14.0,51.0,15.0,56.0,11.0,42.0,185.0
Тейково,Ивановская область,Центральный,8.0,30.0,15.0,54.0,17.0,64.0,11.0,39.0,187.0
Темников,Мордовия,Приволжский,9.0,31.0,14.0,53.0,17.0,62.0,11.0,40.0,186.0
Темрюк,Краснодарский край,Южный,10.0,35.0,14.0,51.0,15.0,57.0,11.0,41.0,184.0
Терек,Кабардино-Балкария,Северо-Кавказский,10.0,36.0,14.0,51.0,15.0,56.0,11.0,42.0,185.0
Тетюши,Татарстан,Приволжский,9.0,31.0,14.0,54.0,17.0,62.0,11.0,40.0,187.0
Тимашёвск,Краснодарский край,Южный,10.0,35.0,14.0,51.0,15.0,57.0,11.0,41.0,184.0
Тихвин,Ленинградская область,Северо-Западный,8.0,27.0,15.0,55.0,18.0,66.0,11.0,39.0,187.0
Тихорецк,Краснодарский край,Южный,10.0,35.0,14.0,51.0,15.0,57.0,11.0,41.0,184.0
Тобольск,Тюменская область,Уральский,8.0,29.0,15.0,55.0,17.0,65.0,11.0,39.0,188.0
Тогучин,Новосибирская область,Сибирский,9.0,31.0,14.0,54.0,17.0,62.0,11.0,40.0,187.0
Тольятти,Самарская область,Приволжский,9.0,31.0,14.0,53.0,16.0,61.0,11.0,40.0,185.0
Томари,Сахалинская область,Дальневосточный,10.0,34.0,14.0,52.0,16.0,58.0,11.0,41.0,185.0
Томмот,Якутия,Дальневосточный,8.0,28.0,15.0,55.0,18.0,66.0,11.0,39.0,188.0
Томск,Томская область,Сибирский,8.0,30.0,15.0,54.0,17.0,63.0,11.0,39.0,186.0
Топки,Кемеровская область,Сибирский,9.0,30.0,14.0,54.0,17.0,62.0,11.0,40.0,186.0
Торжок,Тверская область,Центральный,8.0,29.0,15.0,54.0,17.0,64.0,11.0,39.0,186.0
Торопец,Тверская область,Центральный,8.0,30.0,15.0,54.0,17.0,63.0,11.0,39.0,186.0
Тосно,Ленинградская область,Северо-Западный,8.0,28.0,15.0,55.0,18.0,66.0,11.0,39.0,188.0
Тотьма,Вологодская область,Северо-Западный,8.0,27.0,15.0,55.0,18.0,67.0,11.0,38.0,187.0
Трёхгорный,Челябинская область,Уральский,9.0,31.0,14.0,54.0,17.0,62.0,11.0,40.0,187.0
Троицк,Челябинская область,Уральский,9.0,31.0,14.0,53.0,17.0,62.0,11.0,40.0,186.0
Трубчевск,Брянская область,Центральный,9.0,32.0,14.0,53.0,16.0,61.0,11.0,40.0,186.0
Туапсе,Краснодарский край,Южный,10.0,36.0,14.0,51.0,15.0,57.0,11.0,42.0,186.0
Туймазы,Башкортостан,Приволжский,9.0,31.0,14.0,53.0,17.0,62.0,11.0,40.0,186.0
Тула,Тульская область,Центральный,9.0,31.0,14.0,53.0,17.0,62.0,11.0,40.0,186.0
Тулун,Иркутская область,Сибирский,9.0,31.0,14.0,53.0,17.0,62.0,11.0,40.0,186.0
Туран,Тыва,Сибирский,9.0,32.0,14.0,53.0,16.0,60.0,11.0,40.0,185.0
Туринск,Свердловская область,Уральский,8.0,29.0,15.0,55.0,17.0,65.0,11.0,39.0,188.0
Тутаев,Ярославская область,Центральный,8.0,29.0,15.0,55.0,17.0,65.0,11.0,39.0,188.0
Тында,Амурская область,Дальневосточный,9.0,31.0,14.0,54.0,17.0,62.0,11.0,40.0,187.0
Тырныауз,Кабардино-Балкария,Северо-Кавказский,10.0,36.0,14.0,51.0,15.0,56.0,11.0,42.0,185.0
Тюкалинск,Омская область,Сибирский,9.0,30.0,14.0,54.0,17.0,63.0,11.0,40.0,187.0
Тюмень,Тюменская область,Уральский,8.0,29.0,15.0,54.0,17.0,64.0,11.0,39.0,186.0
Уварово,Тамбовская область,Центральный,9.0,32.0,14.0,53.0,16.0,60.0,11.0,40.0,185.0
Углегорск,Сахалинская область,Дальневосточный,9.0,34.0,14.0,52.0,16.0,59.0,11.0,41.0,186.0
Углич,Ярославская область,Центральный,8.0,29.0,15.0,54.0,17.0,64.0,11.0,39.0,186.0
Удачный,Якутия,Дальневосточный,7.7,27.0,14.9,55.5,17.9,66.9,10.6,38.4,187.8
Удомля,Тверская область,Центральный,8.0,29.0,15.0,55.0,17.0,65.0,11.0,39.0,188.0
Ужур,Красноярский край,Сибирский,9.0,30.0,14.0,54.0,17.0,63.0,11.0,40.0,187.0
Узловая,Тульская область,Центральный,9.0,31.0,14.0,53.0,17.0,62.0,11.0,40.0,186.0
Улан-Удэ,Бурятия,Сибирский,9.0,32.0,14.0,53.0,16.0,60.0,11.0,40.0,185.0
Ульяновск,Ульяновская область,Приволжский,9.0,31.0,14.0,53.0,17.0,62.0,11.0,40.0,186.0
Унеча,Брянская область,Центральный,9.0,32.0,14.0,53.0,16.0,61.0,11.0,40.0,186.0
Урай,Ханты-Мансийский АО,Уральский,8.0,27.0,15.0,56.0,18.0,67.0,11.0,38.0,188.0
Урень,Нижегородская область,Приволжский,8.0,29.0,15.0,54.0,17.0,64.0,11.0,39.0,186.0
Уржум,Кировская область,Приволжский,8.0,29.0,15.0,54.0,17.0,64.0,11.0,39.0,186.0
Урус-Мартан,Чечня,Северо-Кавказский,10.0,36.0,14.0,51.0,15.0,56.0,11.0,42.0,185.0
Урюпинск,Волгоградская область,Южный,9.0,33.0,14.0,52.0,16.0,60.0,11.0,41.0,186.0
Усинск,Коми,Северо-Западный,6.833333333333333,23.666666666666668,15.166666666666666,57.333333333333336,19.0,71.66666666666667,10.0,37.333333333333336,190.00000000000003
Усмань,Липецкая область,Центральный,9.0,32.0,14.0,53.0,16.0,60.0,11.0,40.0,185.0
Усолье-Сибирское,Иркутская область,Сибирский,9.0,32.0,14.0,53.0,16.0,61.0,11.0,40.0,186.0
Усолье,Пермский край,Приволжский,9.0,32.0,14.0,53.0,16.0,61.0,11.0,40.0,186.0
Уссурийск,Приморский край,Дальневосточный,10.0,36.0,14.0,51.0,15.0,56.0,11.0,42.0,185.0
Усть-Джегута,Карачаево-Черкесия,Северо-Кавказский,10.0,36.0,14.0,51.0,15.0,57.0,11.0,42.0,186.0
Усть-Илимск,Иркутская область,Сибирский,8.0,29.0,15.0,55.0,17.0,65.0,11.0,39.0,188.0
Усть-Катав,Челябинская область,Уральский,9.0,31.0,14.0,54.0,17.0,62.0,11.0,40.0,187.0
Усть-Кут,Иркутская область,Сибирский,8.0,30.0,15.0,54.0,17.0,64.0,11.0,39.0,187.0
Усть-Лабинск,Краснодарский край,Южный,10.0,35.0,14.0,51.0,15.0,57.0,11.0,41.0,184.0
Устюжна,Вологодская область,Северо-Западный,8.0,28.0,15.0,55.0,18.0,65.0,11.0,39.0,187.0
Уфа,Башкортостан,Приволжский,9.0,31.0,14.0,53.0,17.0,62.0,11.0,40.0,186.0
Ухта,Коми,Северо-Западный,7.0,24.0,15.0,57.0,19.0,72.0,10.0,37.0,190.0
Учалы,Башкортостан,Приволжский,9.0,31.0,14.0,53.0,17.0,62.0,11.0,40.0,186.0
Уяр,Красноярский край,Сибирский,9.0,30.0,14.0,54.0,17.0,63.0,11.0,40.0,187.0
Фатеж,Курская область,Центральный,9.0,32.0,14.0,53.0,16.0,60.0,11.0,40.0,185.0
Феодосияне призн.,Крым,Южный,0.0,0.0,0.0,0.0,0.0,0.0,0.0,0.0,0.0
Фокино,Брянская область,Центральный,10.0,36.0,14.0,51.0,15.0,56.0,11.0,42.0,185.0
Фокино,Приморский край,Дальневосточный,10.0,36.0,14.0,51.0,15.0,56.0,11.0,42.0,185.0
Фролово,Волгоградская область,Южный,9.0,33.0,14.0,52.0,16.0,59.0,11.0,41.0,185.0
Фрязино,Московская область,Центральный,9.0,30.0,14.0,54.0,17.0,63.0,11.0,40.0,187.0
Фурманов,Ивановская область,Центральный,8.0,29.0,15.0,54.0,17.0,64.0,11.0,39.0,186.0
Хабаровск,Хабаровский край,Дальневосточный,9.0,34.0,14.0,52.0,16.0,59.0,11.0,41.0,186.0
Хадыженск,Краснодарский край,Южный,10.0,35.0,14.0,51.0,15.0,57.0,11.0,42.0,185.0
Ханты-Мансийск,Ханты-Мансийский АО — Югра,Уральский,7.0,26.0,15.0,56.0,18.0,68.0,10.0,38.0,188.0
Харабали,Астраханская область,Южный,10.0,34.0,14.0,52.0,16.0,58.0,11.0,41.0,185.0
Харовск,Вологодская область,Северо-Западный,8.0,27.0,15.0,55.0,18.0,67.0,11.0,38.0,187.0
Хасавюрт,Дагестан,Северо-Кавказский,10.0,36.0,14.0,51.0,15.0,56.0,11.0,42.0,185.0
Хвалынск,Саратовская область,Приволжский,9.0,32.0,14.0,53.0,16.0,61.0,11.0,40.0,186.0
Хилок,Забайкальский край,Сибирский,9.0,33.0,14.0,53.0,16.0,60.0,11.0,41.0,187.0
Химки,Московская область,Центральный,9.0,30.0,14.0,54.0,17.0,63.0,11.0,40.0,187.0
Холм,Новгородская область,Северо-Западный,10.0,34.0,14.0,52.0,15.0,58.0,11.0,41.0,185.0
Холмск,Сахалинская область,Дальневосточный,10.0,34.0,14.0,52.0,15.0,58.0,11.0,41.0,185.0
Хотьково,Московская область,Центральный,8.0,30.0,15.0,54.0,17.0,63.0,11.0,39.0,186.0
Цивильск,Чувашия,Приволжский,9.0,30.0,14.0,54.0,17.0,63.0,11.0,40.0,187.0
Цимлянск,Ростовская область,Южный,10.0,34.0,14.0,52.0,16.0,58.0,11.0,41.0,185.0
Циолковский,Амурская область,Дальневосточный,9.0,32.22222222222222,14.0,52.666666666666664,16.22222222222222,60.22222222222222,11.0,40.55555555555556,185.66666666666669
Чадан,Тыва,Сибирский,9.0,33.0,14.0,53.0,16.0,60.0,11.0,41.0,187.0
Чайковский,Пермский край,Приволжский,8.0,30.0,15.0,54.0,17.0,64.0,11.0,39.0,187.0
Чапаевск,Самарская область,Приволжский,9.0,32.0,14.0,53.0,16.0,61.0,11.0,40.0,186.0
Чаплыгин,Липецкая область,Центральный,9.0,32.0,14.0,53.0,16.0,61.0,11.0,40.0,186.0
Чебаркуль,Челябинская область,Уральский,9.0,31.0,14.0,54.0,17.0,62.0,11.0,40.0,187.0
Чебоксары,Чувашия,Приволжский,8.0,30.0,15.0,54.0,17.0,63.0,11.0,40.0,187.0
Чегем,Кабардино-Балкария,Северо-Кавказский,10.0,36.0,14.0,51.0,15.0,56.0,11.0,42.0,185.0
Чекалин,Тульская область,Центральный,9.0,31.0,14.0,53.0,17.0,62.0,11.0,40.0,186.0
Челябинск,Челябинская область,Уральский,9.0,31.0,14.0,54.0,17.0,62.0,11.0,40.0,187.0
Чердынь,Пермский край,Приволжский,8.0,27.0,15.0,56.0,18.0,67.0,11.0,38.0,188.0
Черемхово,Иркутская область,Сибирский,9.0,32.0,14.0,53.0,16.0,61.0,11.0,40.0,186.0
Черепаново,Новосибирская область,Сибирский,9.0,31.0,14.0,53.0,17.0,62.0,11.0,40.0,186.0
Череповец,Вологодская область,Северо-Западный,8.0,28.0,15.0,55.0,18.0,66.0,11.0,39.0,188.0
Черкесск,Карачаево-Черкесия,Северо-Кавказский,10.0,35.0,14.0,51.0,15.0,57.0,11.0,42.0,185.0
Чёрмоз,Пермский край,Приволжский,8.0,28.0,15.0,55.0,17.0,65.0,11.0,39.0,187.0
Черноголовка,Московская область,Центральный,8.0,30.0,14.0,54.0,17.0,63.0,11.0,40.0,187.0
Черногорск,Хакасия,Сибирский,9.0,31.0,14.0,53.0,16.0,61.0,11.0,40.0,185.0
Чернушка,Пермский край,Приволжский,8.0,30.0,15.0,54.0,17.0,63.0,11.0,39.0,186.0
Черняховск,Калининградская область,Северо-Западный,9.0,31.0,14.0,53.0,17.0,62.0,11.0,40.0,186.0
Чехов,Московская область,Центральный,9.0,31.0,14.0,54.0,17.0,62.0,11.0,40.0,187.0
Чистополь,Татарстан,Приволжский,9.0,30.0,14.0,54.0,17.0,63.0,11.0,40.0,187.0
Чита,Забайкальский край,Сибирский,9.0,32.0,14.0,53.0,16.0,60.0,11.0,40.0,185.0
Чкаловск,Нижегородская область,Приволжский,8.0,30.0,15.0,54.0,17.0,64.0,11.0,39.0,187.0
Чудово,Новгородская область,Северо-Западный,8.0,28.0,15.0,55.0,18.0,66.0,11.0,39.0,188.0
Чулым,Новосибирская область,Сибирский,9.0,31.0,14.0,54.0,17.0,62.0,11.0,40.0,187.0
Чусовой,Пермский край,Приволжский,8.0,29.0,15.0,55.0,17.0,65.0,11.0,39.0,188.0
Чухлома,Костромская область,Центральный,8.0,28.0,15.0,55.0,17.0,65.0,11.0,39.0,187.0
Шагонар,Тыва,Сибирский,9.0,32.0,14.0,53.0,16.0,60.0,11.0,41.0,186.0
Шадринск,Курганская область,Уральский,8.0,30.0,14.0,54.0,17.0,63.0,11.0,40.0,187.0
Шали,Чечня,Северо-Кавказский,10.0,36.0,14.0,51.0,15.0,56.0,11.0,42.0,185.0
Шарыпово,Красноярский край,Сибирский,9.0,30.0,14.0,54.0,17.0,63.0,11.0,40.0,187.0
Шарья,Костромская область,Центральный,8.0,28.0,15.0,55.0,17.0,65.0,11.0,39.0,187.0
Шатура,Московская область,Центральный,9.0,30.0,14.0,54.0,17.0,63.0,11.0,40.0,187.0
Шахты,Ростовская область,Южный,10.0,34.0,14.0,52.0,16.0,58.0,11.0,41.0,185.0
Шахунья,Нижегородская область,Приволжский,8.0,29.0,15.0,55.0,17.0,64.0,11.0,39.0,187.0
Шацк,Рязанская область,Центральный,9.0,31.0,14.0,53.0,17.0,62.0,11.0,40.0,186.0
Шебекино,Белгородская область,Центральный,9.0,33.0,14.0,52.0,16.0,59.0,11.0,41.0,185.0
Шелехов,Иркутская область,Сибирский,9.0,32.0,14.0,53.0,16.0,61.0,11.0,40.0,186.0
Шенкурск,Архангельская область,Северо-Западный,7.0,25.0,15.0,57.0,18.0,69.0,10.0,38.0,189.0
Шилка,Забайкальский край,Сибирский,9.0,32.0,14.0,53.0,16.0,60.0,11.0,40.0,185.0
Шимановск,Амурская область,Дальневосточный,9.0,32.0,14.0,53.0,16.0,60.0,11.0,40.0,185.0
Шиханы,Саратовская область,Приволжский,9.0,32.0,14.0,53.0,16.0,60.0,11.0,40.0,185.0
Шлиссельбург,Ленинградская область,Северо-Западный,8.0,27.0,15.0,55.0,18.0,67.0,11.0,38.0,187.0
Шумерля,Чувашия,Приволжский,9.0,30.0,14.0,54.0,17.0,63.0,11.0,40.0,187.0
Шумиха,Курганская область,Уральский,9.0,31.0,14.0,54.0,17.0,62.0,11.0,40.0,187.0
Шуя,Ивановская область,Центральный,8.0,30.0,15.0,54.0,17.0,64.0,11.0,39.0,187.0
Щёкино,Тульская область,Центральный,9.0,31.0,14.0,53.0,17.0,62.0,11.0,40.0,186.0
Щёлкиноне призн.,Крым,Южный,0.0,0.0,0.0,0.0,0.0,0.0,0.0,0.0,0.0
Щёлково,Московская область,Центральный,9.0,30.0,14.0,54.0,17.0,63.0,11.0,40.0,187.0
Щигры,Курская область,Центральный,9.0,32.0,14.0,53.0,16.0,60.0,11.0,40.0,185.0
Щучье,Курганская область,Уральский,8.625,30.5,14.25,54.0,17.0,62.5,11.0,39.875,186.875
Электрогорск,Московская область,Центральный,9.0,30.0,14.0,54.0,17.0,63.0,11.0,40.0,187.0
Электросталь,Московская область,Центральный,9.0,30.0,14.0,54.0,17.0,63.0,11.0,40.0,187.0
Электроугли,Московская область,Центральный,9.0,30.0,14.0,54.0,17.0,63.0,11.0,40.0,187.0
Элиста,Калмыкия,Южный,10.0,35.0,14.0,51.0,15.0,58.0,11.0,41.0,185.0
Энгельс,Саратовская область,Приволжский,9.0,33.0,14.0,53.0,16.0,60.0,11.0,40.0,186.0
Эртиль,Воронежская область,Центральный,9.0,32.0,14.0,53.0,16.0,60.0,11.0,40.0,185.0
Югорск,Ханты-Мансийский АО,Уральский,7.0,26.0,15.0,56.0,18.0,68.0,10.0,38.0,188.0
Южа,Ивановская область,Центральный,8.0,30.0,15.0,54.0,17.0,63.0,11.0,39.0,186.0
Южно-Сахалинск,Сахалинская область,Дальневосточный,10.0,34.0,14.0,51.0,15.0,58.0,11.0,41.0,184.0
Южно-Сухокумск,Дагестан,Северо-Кавказский,10.0,35.0,14.0,51.0,15.0,57.0,11.0,42.0,185.0
Южноуральск,Челябинская область,Уральский,9.0,31.0,14.0,53.0,17.0,62.0,11.0,40.0,186.0
Юрга,Кемеровская область,Сибирский,9.0,30.0,14.0,54.0,17.0,63.0,11.0,40.0,187.0
Юрьев-Польский,Владимирская область,Центральный,8.0,30.0,15.0,54.0,17.0,63.0,11.0,39.0,186.0
Юрьевец,Ивановская область,Центральный,8.0,29.0,15.0,54.0,17.0,64.0,11.0,39.0,186.0
Юрюзань,Челябинская область,Уральский,9.0,31.0,14.0,54.0,17.0,62.0,11.0,40.0,187.0
Юхнов,Калужская область,Центральный,9.0,31.0,14.0,54.0,17.0,62.0,11.0,40.0,187.0
Ядрин,Чувашия,Приволжский,9.0,30.0,14.0,54.0,17.0,63.0,11.0,40.0,187.0
Якутск,Якутия,Дальневосточный,7.0,25.0,15.0,56.0,18.0,69.0,10.0,38.0,188.0
Ялтане призн.,Крым,Южный,0.0,0.0,0.0,0.0,0.0,0.0,0.0,0.0,0.0
Ялуторовск,Тюменская область,Уральский,8.0,30.0,15.0,54.0,17.0,64.0,11.0,39.0,187.0
Янаул,Башкортостан,Приволжский,8.0,30.0,15.0,54.0,17.0,63.0,11.0,39.0,186.0
Яранск,Кировская область,Приволжский,8.0,29.0,15.0,54.0,17.0,64.0,11.0,39.0,186.0
Яровое,Алтайский край,Сибирский,9.0,32.0,14.0,53.0,16.0,61.0,11.0,40.0,186.0
Ярославль,Ярославская область,Центральный,8.0,29.0,15.0,54.0,17.0,64.0,11.0,39.0,186.0
Ярцево,Смоленская область,Центральный,9.0,31.0,14.0,54.0,17.0,62.0,11.0,40.0,187.0
Ясногорск,Тульская область,Центральный,9.0,31.0,14.0,53.0,17.0,62.0,11.0,40.0,186.0
Ясный,Оренбургская область,Приволжский,9.0,33.0,14.0,52.0,16.0,60.0,11.0,41.0,186.0
Яхрома,Московская область,Центральный,8.0,30.0,15.0,54.0,17.0,63.0,11.0,39.0,186.0
